item_definition,measure,intercept,slope,aoa
I,produces,-7.262375663955013,0.29989894535801953,24.216076036163397
I,understands,-6.001339025312558,0.29948022541532004,20.039182944349275
TV,produces,-7.697606569087897,0.3476357116229677,22.14273825077104
TV,understands,-4.2978377428594925,0.3002456347801741,14.314405423433282
a,produces,-8.0237134175985,0.2992707986984726,26.810879820194938
a lot,produces,-8.653683074661283,0.30077499220758114,28.771285176158884
about,produces,-9.819469239380336,0.30020669814045986,32.70902781384988
above,produces,-9.62691535020374,0.2999785868900218,32.09200846636817
after,produces,-9.878521883960628,0.34158851716038374,28.91936171063512
airplane,produces,-6.943991634323601,0.3364561870477933,20.638620722814093
airplane,understands,-5.56607090707739,0.3703975019522598,15.027290620860601
all,produces,-7.889737001569185,0.29991988066736636,26.306148775510803
all,understands,-6.09935175198531,0.2997876664089975,20.345572668303245
all gone,produces,-5.460095674939459,0.2828864727123896,19.301367161839277
all gone,understands,-2.941298335396945,0.30057251667157187,9.785652953130205
alligator,produces,-8.305241432070835,0.32535391955119125,25.526790774573982
am,produces,-8.700551764212374,0.3008067299026381,28.924059534932862
an,produces,-10.005752292161505,0.2998925097760696,33.36446215223188
and,produces,-9.535760120732927,0.35790351784042723,26.64338193229072
animal,produces,-7.363833632533435,0.30035222732292427,24.51732653414351
animal,understands,-5.217943312514969,0.2999202377494237,17.397769992681976
ankle,produces,-8.8778535259098,0.2997012080103134,29.622348154179917
another,produces,-8.502923714982225,0.30017289413430115,28.32675395126753
another,understands,-6.027128724554812,0.2998325618333067,20.10164835901186
ant,produces,-7.544817699216342,0.2994566683163041,25.195023178602433
any,produces,-9.055538906535082,0.3006705202070762,30.117814344746535
apple,produces,-6.5531752208689396,0.35109491579547397,18.66496758012415
apple,understands,-5.613246110406965,0.3940477172453653,14.245092319394692
applesauce,produces,-6.74500410653491,0.26545215808197764,25.409490566100047
are,produces,-8.97515287969365,0.30099367850285363,29.818409889324503
arm,produces,-8.052519821266456,0.3658157673499068,22.012500662838114
arm,understands,-4.908344156432436,0.3011544749057799,16.29842677240003
around,produces,-8.914329273793163,0.30025473910651534,29.68922089396499
asleep,produces,-8.321192917009823,0.33697477523589786,24.693815467892527
asleep,understands,-5.248253946437013,0.3001680876276166,17.484383459669797
at,produces,-8.566015805816207,0.3002518356259163,28.52943692403801
aunt,produces,-6.955443334822538,0.2738263787935034,25.400925087892073
aunt,understands,-3.251567757092557,0.15078116511411357,21.564813845494026
awake,produces,-9.229413422918213,0.35943975070307893,25.677219631009372
away,produces,-8.143978284144337,0.3004582991797382,27.10518666443126
away,understands,-6.114070293932083,0.2997174924172359,20.399444305441815
baa baa,produces,-3.239535086094767,0.19048327092705442,17.006927014264402
baa baa,understands,-2.573379409632344,0.20016199431737106,12.856483661688884
baby,produces,-5.026992944944054,0.3001040096942289,16.75083565216598
baby,understands,-3.411982908065788,0.30001874872416906,11.372565623232745
babysitter,produces,-9.466191488868509,0.2997814469344501,31.576975779086077
babysitter,understands,-3.8405566576559553,0.1087075793956362,35.32924455688988
babysitter's name,produces,-4.873616064340467,0.1833144668852278,26.58609627025134
babysitter's name,understands,-3.180461824358922,0.1555906001509953,20.4412208788474
back,produces,-7.843481939164724,0.2998376953903304,26.159092268082023
back,understands,-5.723853546189841,0.2999873669817536,19.080315293870317
backyard,produces,-8.121480381365325,0.30016064257801367,27.057112856674742
backyard,understands,-5.3900551537416375,0.2996096818349816,17.99025692604407
bad,produces,-7.520505088499428,0.29974525590947904,25.089655099564173
bad,understands,-3.8015146321698743,0.19968389607351503,19.037662560281376
ball,produces,-5.393303348268726,0.37654830346477364,14.32300530540904
ball,understands,-4.476688578398373,0.47745887685796695,9.37607152234408
balloon,produces,-5.512936828110977,0.29983278260050616,18.386704683511383
balloon,understands,-3.934610249222572,0.3010560641669691,13.06936055285833
banana,produces,-5.077678732567994,0.30008918064375073,16.92056581871885
banana,understands,-4.4689271899656875,0.3880633706307846,11.515972720387367
basement,produces,-7.7438871179323945,0.23983630656387298,32.2882186974892
basket,produces,-7.673184923642261,0.3000277159907467,25.574920297959785
bat,produces,-6.758492424004053,0.25514405422868447,26.488927772333845
bath,produces,-5.614949775187093,0.300165435292913,18.706183707353944
bath,understands,-2.6021844073751823,0.300841711596036,8.649679572589791
bathroom,produces,-8.64929423075819,0.36698698646994904,23.56839492853909
bathroom,understands,-5.492559599691835,0.38011204221746486,14.449843703056114
bathtub,produces,-6.647022309515333,0.29967859312120426,22.18050425385894
bathtub,understands,-3.6893874418579395,0.3006612289384699,12.270911866102196
be,produces,-9.036762880919497,0.3000808470192457,30.11442739742708
beach,produces,-7.888507350764668,0.2999885152906822,26.296031176796482
beach,understands,-6.440514750904988,0.2996240103424348,21.49532256625309
beads,produces,-6.661871420476383,0.21905583023462458,30.41175125693317
beads,understands,-6.624249559098163,0.29904284324818886,22.151506744471412
beans,produces,-6.11804891355402,0.2444698301469739,25.025782976475597
bear,produces,-5.982512350690313,0.2996229293279886,19.966804156505088
bear,understands,-4.468051197454517,0.3005331955191644,14.8670804559079
because,produces,-9.15212588567873,0.30051236846409207,30.455072223665592
bed,produces,-7.952701515181536,0.3818038119113079,20.829287888380037
bed,understands,-3.8831576511662003,0.3006298652055911,12.916739487976796
bedroom,produces,-8.824557466608585,0.3517794069314642,25.085486224404942
bedroom,understands,-4.797919842662353,0.3010882968030959,15.93525850591287
bee,produces,-6.44541382077523,0.3001045927832037,21.477224860172043
bee,understands,-5.391616722256095,0.3003632636162409,17.95032008023689
before,produces,-9.462579241000032,0.3004593299061885,31.49371079258715
behind,produces,-8.701665922242514,0.3007749102168091,28.930823771072024
belly button,produces,-6.272345490387464,0.29997652589801893,20.909454403508335
belly button,understands,-6.26462694237755,0.44237860584874955,14.161233973686882
belt,produces,-6.887985633080713,0.252127899124303,27.31941073163358
bench,produces,-9.016426367198399,0.2999409316912365,30.060673334441855
beside,produces,-9.650984172282673,0.2999558531141416,32.17468194764716
better,produces,-8.145258130772575,0.3006001111390281,27.096657083421295
bib,produces,-5.911135924110468,0.24387103809705651,24.238777881274842
bib,understands,-4.505567072871476,0.29943500227057246,15.046895114820947
bicycle,produces,-7.333264775938565,0.3313617934100051,22.130688938132554
bicycle,understands,-5.217844861584188,0.30095626550499455,17.337551862656255
big,produces,-8.154198246034687,0.35917229559810854,22.702748363305638
big,understands,-5.418565141783005,0.2996007008234021,18.08595616395753
bird,produces,-5.426605012048547,0.2999602105430845,18.091082821363408
bird,understands,-5.147217020348126,0.39273035402840184,13.106236804848256
bite,produces,-6.824504254347885,0.3001921800258185,22.73378425034567
bite,understands,-4.115603216670638,0.2999251346375852,13.722101755972306
black,produces,-8.297609015885499,0.32432808219031495,25.583998030168974
blanket,produces,-7.2046833108467405,0.34415717311505717,20.93428198992703
blanket,understands,-4.051637522147052,0.3003030892646998,13.491827646753805
block,produces,-6.0911773228597825,0.27897238157107174,21.83433818271354
block,understands,-4.2841768502872934,0.30038361458028257,14.262352013685737
blow,produces,-7.292038125947319,0.30050572869957815,24.265887234507005
blow,understands,-6.341092479671085,0.4190685737563355,15.131395854460012
blue,produces,-7.600108759990878,0.3333801583433333,22.79712385331543
blue,understands,-6.441748578972251,0.30019242373454297,21.458731365814288
boat,produces,-6.269509424974584,0.30004995090270326,20.894885688575194
book,produces,-5.044190377009425,0.3002288736306143,16.801150122607893
book,understands,-4.230412793742106,0.4312849163066291,9.808858677390946
boots,produces,-6.7063657860357315,0.3003151867722512,22.33109107173328
boots,understands,-7.616153087981918,0.4299581807902959,17.713706653942133
bottle,produces,-4.119416518961445,0.2122612078693915,19.407298018845736
bottle,understands,-1.5813015714533647,0.16894509940027994,9.359854633645233
bowl,produces,-7.209072663421033,0.32162059712594526,22.414835143776536
bowl,understands,-6.046776466999422,0.38516344683192233,15.699247986110464
box,produces,-7.181198681393581,0.3184734657533376,22.548813177910166
box,understands,-5.147407949616674,0.30090334295015425,17.106516328964016
boy,produces,-7.185191128638552,0.30029693014018427,23.926954981805405
boy,understands,-5.824996502121846,0.29957048765900113,19.44449384063625
bread,produces,-7.079248619796762,0.32195677235214815,21.988196017984862
bread,understands,-4.558372323626773,0.30039450616101426,15.174619475841688
break,produces,-9.355184018103797,0.3741267720906816,25.00538511538615
break,understands,-6.376309285980243,0.3001444689968188,21.244133890895803
breakfast,produces,-8.003524444274316,0.33231815028057177,24.083922101507387
breakfast,understands,-4.0985765381699455,0.3001890183379531,13.653319368118137
bring,produces,-8.031635055117766,0.30038863915649644,26.737479412240507
bring,understands,-5.80745906572674,0.41366514319824116,14.039034134775108
broken,produces,-9.177608150598411,0.38584659354145945,23.785639951781178
broken,understands,-6.130721111792816,0.30029692473802577,20.415530785542206
broom,produces,-7.249152913517993,0.29990532672836545,24.17147101919867
broom,understands,-5.256480425650227,0.30108468615254397,17.458478187054126
brother,produces,-5.849248037033354,0.21777463657463028,26.859179420689085
brother,understands,-1.5390169733124537,0.029513942116730297,52.145422228772524
brown,produces,-7.950132669723643,0.30059725477413374,26.44778867224621
brush,produces,-6.663659177340587,0.29988313914875697,22.220853083824363
brush,understands,-5.5479099124648945,0.39995879000793777,13.871203861664819
bubbles,produces,-5.61561535663289,0.30054909716970424,18.68451913353128
bubbles,understands,-5.299828389413434,0.3713836402161,14.27049502323145
bucket,produces,-7.757505983826552,0.30002298405240857,25.85637233203259
bug,produces,-6.647971141190164,0.30008609141445913,22.153546370159567
bug,understands,-5.439948831037424,0.3003082433155397,18.11455047313358
build,produces,-9.555025836513193,0.35940184661963986,26.585911915542866
bump,produces,-7.236233525950083,0.2765844214355122,26.162838414372757
bump,understands,-5.725330527989445,0.2999802894388538,19.08568905876885
bunny,produces,-6.3107172089738155,0.2999483732364048,21.039344674158357
bunny,understands,-4.405137026535509,0.30039129496206546,14.66466272630106
bus,produces,-6.971613581484907,0.33024309786326617,21.110550459926444
bus,understands,-5.19260521707588,0.3006005987841478,17.27410137597408
but,produces,-9.49120323196057,0.3001186959993315,31.6248316365526
butter,produces,-8.101448587871754,0.32392365727339667,25.010364034739222
butter,understands,-6.456776349550571,0.2998807068071018,21.531149563762668
butterfly,produces,-7.868196074897375,0.3399414278246738,23.145740503730043
butterfly,understands,-5.453077848128477,0.3003546954227357,18.155460631149836
buttocks/bottom*,produces,-6.688368410250373,0.3006422341165607,22.246935564140514
button,produces,-6.398117430925009,0.2792947273613021,22.908121078305413
button,understands,-5.11557835391733,0.2999735340311657,17.05343229841686
buy,produces,-9.695439235433621,0.35400376502064124,27.387955139031643
by,produces,-8.709334338095548,0.3000930289571398,29.022114803404655
bye,produces,-4.205632145075985,0.2997249846102057,14.031636870531287
bye,understands,-3.4331437957252438,0.4207466747416781,8.159645700903184
cake,produces,-8.162871302371276,0.3660854356902962,22.29772207949011
cake,understands,-5.811817898991155,0.2995815574100155,19.399785318015894
call (on phone),produces,-7.038259693091698,0.299286119054647,23.516826357745558
camera,produces,-7.812972207573014,0.3006412073663679,25.987695685548378
camping,produces,-9.467440245354606,0.2999097994519083,31.56762554160137
can (auxiliary),produces,-9.608605656356255,0.3510113359137375,27.374060815852427
can (object),produces,-8.333117801223592,0.2996634856312684,27.80825225892678
candy,produces,-7.807145747436765,0.33359109293842143,23.403339935331875
candy,understands,-5.894880352192529,0.29968097641646757,19.670519038887527
car,produces,-6.506980596145484,0.3620940983083644,17.97041328910047
car,understands,-4.529181410907439,0.4004240925886915,11.310961290133292
careful,produces,-8.661309553879597,0.3319949493108352,26.088678673753915
careful,understands,-4.368251262827925,0.29999382596691404,14.56113721256948
carrots,produces,-7.9504817047479985,0.33406387801801973,23.799285789046433
carrots,understands,-5.077504835905987,0.2996912844824426,16.94245077788858
carry,produces,-8.941121570865876,0.3530961542089502,25.322058777153455
cat,produces,-5.417495483571343,0.2995757314690392,18.083893034343586
cat,understands,-3.5226060959836163,0.3003986374479422,11.726438328449705
catch,produces,-8.695706431326194,0.3425238644519639,25.387154980396097
cereal,produces,-7.2391316035189845,0.3179608012856066,22.767371242773013
cereal,understands,-4.63459230652037,0.29955052681009964,15.471821585072604
chair,produces,-7.462549532659278,0.35155892976428876,21.227023127140377
chair,understands,-6.584836947755159,0.4627359316760448,14.230226133303852
chalk,produces,-8.030140194783993,0.2998520849462346,26.78033803308004
chase,produces,-8.284748172468182,0.30010168621563243,27.606469916717934
cheek,produces,-7.083493274816182,0.30055583184877466,23.56797813984943
cheek,understands,-5.615209721940321,0.30022749504656215,18.703182801659988
cheerios,produces,-5.714510095090392,0.237653922889468,24.04551132845466
cheerios,understands,-3.2282884084251737,0.24280189423472182,13.295977029340298
cheese,produces,-5.646796849566833,0.30014482554441646,18.813573878291635
cheese,understands,-5.366910152045576,0.38825383030541327,13.823199497668284
chicken (animal),produces,-7.395773883497184,0.32372908057937105,22.84556540382818
chicken (animal),understands,-5.116569422825766,0.30054827538208506,17.024118392697826
chicken (food),produces,-7.555985951847319,0.3300877309620175,22.890841564531737
chicken (food),understands,-5.225557841275544,0.29957157635316667,17.443436740190275
child,produces,-9.05575616249044,0.29959486775441435,30.226673208279646
child,understands,-6.575739227303941,0.2991433979994768,21.98189654620237
child's own name,produces,-6.086074845872738,0.30004354695073976,20.28397180250616
child's own name,understands,-2.0789170133846344,0.2989149180894078,6.954878755040302
chin,produces,-7.179864077869776,0.30028650372606686,23.910045868793123
chocolate,produces,-8.4281032944102,0.34060018135165326,24.74485850525308
choo choo,produces,-5.95775296021503,0.2999583408797308,19.861934636462767
choo choo,understands,-4.699861928458011,0.2998576058286617,15.673645880916913
church*,produces,-6.981936175443555,0.24809508386089224,28.142178663073995
church*,understands,-4.01201028695668,0.139172416681407,28.827625348641888
circus,produces,-9.499327262401973,0.30005195273401436,31.658941646091524
clap,produces,-7.014660973510699,0.2995938687383077,23.41390030127064
clean (action),produces,-8.543022742672083,0.3552724184476162,24.046400168077568
clean (action),understands,-6.7063743363146875,0.41845423010352883,16.026542101523212
clean (description),produces,-8.488844063029696,0.3522423425633062,24.099442449920826
clean (description),understands,-5.533506977958201,0.3003524284418043,18.423380182625564
climb,produces,-8.51021481220037,0.33515625417775113,25.391782806138394
clock,produces,-6.4446237057709554,0.27129163175298193,23.755335408351087
clock,understands,-5.704401486805368,0.2997376360091234,19.031315395547253
close,produces,-7.374714145835363,0.30077300681437397,24.519202118382804
close,understands,-5.762791515334695,0.388303066985127,14.840963168481553
closet,produces,-9.354691563547464,0.3582488150429889,26.11227496293303
cloud,produces,-7.564650902816363,0.30043150541331637,25.179286348178938
clown,produces,-8.459043245579469,0.29932573705133114,28.260327123587217
coat,produces,-6.936147163856539,0.3000519644313799,23.116486429279135
coat,understands,-6.540196411742379,0.3998091568886965,16.35829569947322
cockadoodledoo,produces,-5.836361895045235,0.23089869491722856,25.276721018875513
cockadoodledoo,understands,-5.28213689655203,0.30002072606540753,17.605906651264057
coffee,produces,-7.447751885007324,0.30011661099936154,24.81619347961772
coffee,understands,-6.019606377613464,0.30007946672177876,20.060040906412944
coke,produces,-6.1301222762058645,0.19775605207246152,30.998405419014293
cold,produces,-7.517610843422405,0.34847555178821366,21.57285010338757
cold,understands,-5.051145131533862,0.3006098355352345,16.80299356320235
comb,produces,-7.609950775024869,0.2998103579567253,25.38254791091404
comb,understands,-5.129898945652722,0.2999481431219293,17.102619447013584
cook,produces,-7.561638725553443,0.3008990116448685,25.130154745998148
cookie,produces,-5.7442608581484125,0.30039987313969957,19.122048215636465
cookie,understands,-4.094877688670466,0.3002203550282177,13.639573800002962
corn,produces,-7.270699874634183,0.3003255320144095,24.2093964701121
couch,produces,-8.310046383485801,0.34251155540578465,24.262090584478578
couch,understands,-5.957311292714299,0.37727227207541686,15.790482719396431
could,produces,-9.821301486612333,0.30014620231664535,32.721724982051086
country,produces,-10.357034727639242,0.2999812918677952,34.52560212389409
cover,produces,-8.490618659980157,0.30091446886639767,28.216053192676114
cow,produces,-6.627729849628125,0.3243914043131496,20.4312745698714
cow,understands,-5.484973579124924,0.3802115530336342,14.426109715397612
cowboy,produces,-9.255456414923842,0.3002754314505931,30.82322243352341
cracker,produces,-5.436500636635635,0.27154340352630035,20.02074278379251
cracker,understands,-3.946317083553393,0.30069428158815253,13.124017732264315
crayon,produces,-7.546095187769744,0.3235763436397301,23.320911235005383
crib,produces,-7.653203310090381,0.30026531736615447,25.488136216404197
crib,understands,-4.497203567120331,0.29898890563476616,15.041372714390778
cry,produces,-8.96349443352894,0.38182840564582493,23.475190166556825
cry,understands,-4.793086833420517,0.2997285589366685,15.991425209612002
cup,produces,-6.761785342316932,0.3382517466191823,19.990392983630702
cup,understands,-4.608554283039243,0.3811808970445108,12.09020262760203
cut,produces,-9.469670301706959,0.3591947597556218,26.363609280240194
cute,produces,-8.029734297936345,0.29981882767329227,26.781954823351576
cute,understands,-4.365371740817106,0.19429912822340167,22.46727394369922
daddy*,produces,-3.4212170310803613,0.2997883022868686,11.41210982877706
daddy*,understands,-1.3604688200844812,0.29957929625913865,4.541264490145754
dance,produces,-7.48907061056848,0.31890510382677073,23.483696311855027
dance,understands,-5.044373029211828,0.3924133041539278,12.854745177633237
dark,produces,-8.61057824994974,0.33448630021898956,25.742693330974568
dark,understands,-6.393098120675741,0.2998495489273352,21.3210196365012
day,produces,-8.403293793497616,0.30002397377177503,28.008741061105702
day,understands,-6.560120083050697,0.2991868134407938,21.92650139759212
deer,produces,-6.999708874814495,0.26319589248210923,26.595053626417442
deer,understands,-6.2025839882554905,0.2997798607229763,20.6904625724249
diaper,produces,-5.991486875902966,0.30051060526317247,19.937688623853777
diaper,understands,-3.7698409464866693,0.3680133696869942,10.243760844050383
did/did ya,produces,-8.435823935042444,0.30048733755965373,28.073808379255706
dinner,produces,-8.240417723415941,0.33987978721446865,24.24509498182111
dinner,understands,-4.346959233812807,0.30003767612721094,14.488044601337899
dirty,produces,-7.700667041691593,0.33917096978143574,22.704381352725914
dirty,understands,-4.918341545445491,0.3003300712620028,16.37645382887688
dish,produces,-8.109421251298581,0.29988377067462313,27.041881036294505
dish,understands,-5.811581978036438,0.2997888500689701,19.3855841426371
do,produces,-7.441483518408743,0.2998960435379784,24.813543488666816
doctor,produces,-8.128772897416614,0.3272879780438914,24.836759804011173
does,produces,-9.276084862457871,0.3003030267985811,30.88908214261695
dog,produces,-4.581063064420671,0.2998472611833984,15.277988687776316
dog,understands,-3.8753221525393475,0.39576352142457427,9.792014530773063
doll,produces,-5.5496900615887315,0.24480912927301945,22.66945713204808
doll,understands,-4.609462656249115,0.29960569319828634,15.38509701549116
don't,produces,-6.9540714144081015,0.2668705046020068,26.057849385712178
don't,understands,-3.7325169940285567,0.2996924353521969,12.454491851428026
donkey,produces,-7.153418970181492,0.25108216071496553,28.490351324888525
donkey,understands,-6.307799898319961,0.29971054494583743,21.046306193396976
donut,produces,-7.880189235030076,0.299975622680077,26.26943204459741
door,produces,-6.808131979536975,0.32815828817446036,20.746487975088215
door,understands,-5.675842435827603,0.42537039479582983,13.343294468229049
down,produces,-5.649514837109682,0.27245092185710595,20.73589914323255
down,understands,-4.111559212476789,0.3008379123534593,13.667024811839712
downtown,produces,-9.78251457844137,0.2998454787945799,32.625186205136146
draw,produces,-8.698521269805507,0.3442432112677264,25.268533946601067
draw,understands,-7.794011987311741,0.4409975201061325,17.673595954544137
drawer,produces,-8.228136022898335,0.3002308166362796,27.40603418091644
drawer,understands,-5.524393429834486,0.30012348140138534,18.40706833080534
dress (object),produces,-7.666468054269376,0.2999862430426771,25.556065426569297
dress (object),understands,-5.803682662893435,0.29936943527299387,19.386356718751458
drink (action),produces,-6.665844309067489,0.3004331689306107,22.18744465797337
drink (action),understands,-4.389940028948429,0.3616290766987088,12.13934473694411
drink (beverage),produces,-6.127738405839862,0.28119101265512964,21.79208484645029
drink (beverage),understands,-3.793355398284489,0.3000808819893947,12.641109867234233
drive,produces,-9.130295905475608,0.3636901806296031,25.104598341560045
drive,understands,-5.630399157318528,0.30034173232201783,18.74664274521056
drop,produces,-8.70997817821647,0.33658285628848805,25.877664341736626
dry (action),produces,-8.069645285817705,0.30088236402255186,26.819934468518287
dry (description),produces,-8.807189582176028,0.3356567797657968,26.238676270210334
dry (description),understands,-6.224862422991657,0.29985863751956066,20.759323374787197
dryer,produces,-8.437788425526248,0.30025002651880744,28.102540150808984
duck,produces,-5.039513350394375,0.278785909702621,18.076642954337213
duck,understands,-5.228748257169609,0.384598975369354,13.595325500147577
dump,produces,-8.67051786562293,0.29975478202802114,28.925369620333225
each,produces,-10.127498449831478,0.2999230577602109,33.766988525198464
ear,produces,-6.909737969915553,0.36303825051563166,19.033085246806614
ear,understands,-6.191729961789998,0.4513649276527064,13.717791486347162
eat,produces,-7.248383454485653,0.35363279567111056,20.496920939501532
eat,understands,-3.218991497550743,0.30060558920226527,10.708355443733332
egg,produces,-7.115371742516071,0.3227619681573719,22.045260732351114
egg,understands,-5.179476027434209,0.3001258998181374,17.25767762986378
elephant,produces,-7.761850584582249,0.34236384432848527,22.671350124036593
elephant,understands,-5.1664930293949896,0.30034553639654366,17.201830569486848
empty,produces,-7.848150908145499,0.3000037251237462,26.160178194148344
empty,understands,-5.281702162975284,0.2997240499717658,17.62188307369003
every,produces,-9.532156913852,0.30026622787882173,31.745684425418926
eye,produces,-6.358487407330707,0.35541682829572585,17.89022607010635
eye,understands,-5.92859478414821,0.452884975333161,13.090729671009486
face,produces,-8.19158862011835,0.3459916672280842,23.675681803973333
face,understands,-5.01838782801896,0.29998597319462955,16.7287415960714
fall,produces,-8.942489143147844,0.37939051021852943,23.57067164910624
fall,understands,-5.193529115210778,0.3004056350032019,17.288387799900697
farm,produces,-8.23343773212462,0.3002568468936615,27.421315508054217
fast,produces,-9.099444935686423,0.35783932071859864,25.42885705632707
fast,understands,-6.287937499082269,0.30016521331085133,20.94825522826483
feed,produces,-8.879318005869058,0.3316630319481169,26.772106477209306
feed,understands,-5.5468254665175705,0.29968724986693357,18.50871356382515
find,produces,-9.219440154214318,0.3626049583072677,25.42557663097883
fine,produces,-9.063518105880371,0.3000229948838045,30.20941147991196
fine,understands,-7.407964448964127,0.29955076444704914,24.730247184108304
finger,produces,-8.144151870051607,0.366290902470122,22.234109051386874
finger,understands,-4.659301287345188,0.3001497455031757,15.523255831965683
finish,produces,-8.284393434796465,0.2999470632617606,27.619518406708863
finish,understands,-5.739192923879616,0.2997360590568271,19.1474891007075
fireman,produces,-9.854186399188752,0.3576699601483414,27.55105962799277
firetruck,produces,-8.225852187726268,0.34245106620398663,24.020518548557835
firetruck,understands,-5.426700048565106,0.30024905040964034,18.07399570843361
first,produces,-9.818497912047437,0.34811551342512836,28.204712325063245
fish (animal),produces,-5.881563880417864,0.3004008795430384,19.579050132492082
fish (animal),understands,-5.6730573389531695,0.3813687468159443,14.875517163683822
fish (food),produces,-6.284604321860494,0.2666456359009196,23.569124994776708
fish (food),understands,-5.922770805356374,0.29990688272652893,19.748699167924972
fit,produces,-8.64537051417551,0.3010789603951309,28.714628557337498
fix,produces,-9.102836276913612,0.36303934507161456,25.073966225666123
flag,produces,-7.992292052005057,0.2996590068627455,26.671289262017115
flower,produces,-6.879139564225896,0.3283539352480749,20.950379531856782
flower,understands,-4.646634750087797,0.30094181028697203,15.440309691952939
food,produces,-6.989940309547026,0.3000845470760751,23.293236448376632
food,understands,-3.586571873947138,0.2460897006894626,14.574246154547469
foot,produces,-7.3324386099858465,0.3504904425584085,20.92050943375984
foot,understands,-5.114071191064602,0.3952432327684806,12.93904807741577
for,produces,-10.229423069722046,0.35780300768427176,28.589539076062128
fork,produces,-8.091729736290885,0.36589510412062914,22.11488933621584
fork,understands,-7.278251942260296,0.45435213170232724,16.01896730403965
french fries,produces,-6.977201562589935,0.30047532146816464,23.220547792405537
friend,produces,-8.595719553589975,0.3273727140190451,26.25667682582096
frog,produces,-7.489508791395713,0.33642446259741793,22.262081459748153
frog,understands,-5.228169937785008,0.3009721830722702,17.37094067769581
full,produces,-9.09240601648622,0.3379445676204156,26.90502197004968
game,produces,-8.948688368772645,0.3428753112803071,26.09895805958721
garage,produces,-8.154617850995376,0.3003925307001719,27.146540002136973
garage,understands,-6.031196995371004,0.29985332631868894,20.11382387988236
garbage,produces,-7.615036930446539,0.29973386708577887,25.405994339195715
garden,produces,-8.514033599024412,0.3001715854915612,28.363889223831176
garden,understands,-6.441352252558401,0.2996793179558071,21.494150135206493
gas station,produces,-10.08536481159548,0.35344617138741197,28.534372778764446
gentle,produces,-7.220663675429404,0.26569769922999953,27.17623711592204
gentle,understands,-4.525108433647003,0.2999966920702386,15.083861100000176
get,produces,-8.101667333158327,0.33406994678581475,24.251410254369937
get,understands,-5.71169868702105,0.4106266240603982,13.909713477762535
giraffe,produces,-7.253527048306274,0.3001277115744703,24.16813499244792
giraffe,understands,-5.648511375500052,0.3001343044085119,18.81994591265342
girl,produces,-7.34203826856602,0.2999908736269011,24.47420543098694
girl,understands,-5.950346547596708,0.2993676692627269,19.876383319050554
give,produces,-8.893072093803099,0.34839347252976394,25.525943494946926
give,understands,-5.128978064265705,0.3995175880161776,12.837928086555273
give me five!,produces,-6.088684747707181,0.242327793947397,25.125820891304258
glass,produces,-7.826621303330736,0.3002311562228281,26.068651241251953
glass,understands,-5.688768951170966,0.29984182835190337,18.97256624414141
glasses,produces,-7.120936844399091,0.30008453015839687,23.7297698773088
glasses,understands,-4.782995915092343,0.2998816596108519,15.949611327678738
gloves,produces,-8.009902803871189,0.30010766024461283,26.69009780470931
glue,produces,-8.87908309287522,0.3004700323900459,29.550644442801246
go,produces,-6.062768015569874,0.3004634486416602,20.178055077842345
go,understands,-5.485694320710155,0.4078660816784573,13.44974384272243
go potty,produces,-7.5146388736130305,0.3300382636760084,22.768992873474794
gonna get you!,produces,-6.644673866718615,0.26794409882494435,24.798731884219524
gonna/going to,produces,-8.306964677821949,0.3005729679366162,27.637098355344094
good,produces,-7.244641555975268,0.30004367107397034,24.145290350714422
good,understands,-3.7709684732094564,0.24288137399478282,15.525968134923586
goose,produces,-7.051767573360006,0.2564324032314846,27.499518331130293
goose,understands,-6.1728914066069605,0.2998739531966378,20.584953580677215
gotta/got to,produces,-9.11877361453307,0.30008543462168535,30.387258302053265
grandma*,produces,-5.39673584012788,0.2998131958184194,18.00032792217855
grandma*,understands,-2.184541431319283,0.21830249719611444,10.006946596477896
grandpa*,produces,-5.231811272923692,0.27364833536684624,19.118739625841517
grandpa*,understands,-2.4065299290462394,0.19570523653421845,12.29670688257473
grapes,produces,-6.693972267815001,0.3005635106440058,22.27140697642267
grass,produces,-7.704246169581889,0.32911310004659233,23.409114278620947
green,produces,-7.776058655447602,0.3217543157335786,24.167690300342052
green beans,produces,-6.927134577780407,0.25240948329277324,27.44403454027727
grrr,produces,-3.2864430250617813,0.18886950126158505,17.400602019433745
grrr,understands,-4.161106869962685,0.29978252780695214,13.88041824986635
gum,produces,-7.621730007641786,0.26765485392749705,28.475964085098855
hafta/have to,produces,-10.058983978126555,0.347789046525409,28.92265894691327
hair,produces,-7.0955434005407,0.35314769914592375,20.09228268427358
hair,understands,-5.654302393415327,0.4263570130489327,13.261896064475868
hamburger,produces,-8.434326108776615,0.3336327809928283,25.280267975100198
hammer,produces,-7.8942221233775225,0.30007730517821873,26.307294777554304
hammer,understands,-6.14522550687234,0.2996599930060127,20.507327138424632
hand,produces,-7.980940171743425,0.3739922019293374,21.33985716967263
hand,understands,-4.196655299673172,0.3006428163870728,13.95894087909969
happy,produces,-7.186818316058653,0.30008817479095046,23.949022053485397
happy,understands,-4.319015735548941,0.23531539363188644,18.354157239306474
hard,produces,-9.378846690643902,0.34153145708173516,27.46115034551374
hard,understands,-6.802223758333734,0.299636929556632,22.701553404645
hat,produces,-5.742739668138136,0.3003477345620331,19.12030292658007
hat,understands,-5.360202946977241,0.39292003854851015,13.641968902320228
hate,produces,-10.00570996131517,0.300037289898137,33.348221365124715
have,produces,-9.154164759450563,0.3549349193088403,25.791107781889526
he,produces,-9.84886514514692,0.35465792097702714,27.770041390912223
head,produces,-7.479508999736769,0.3483342102674776,21.472220583770486
head,understands,-5.786138037969626,0.3969798344466464,14.575395362424324
hear,produces,-9.289036170719063,0.34938717884041176,26.586654385969844
heavy,produces,-8.910270671323142,0.359138094390489,24.81015189002771
helicopter,produces,-7.512568615998377,0.30082893611193257,24.97289227922907
hello,produces,-4.838593914442056,0.2394569704459526,20.206527734109816
hello,understands,-3.6770263430681847,0.29965116436548717,12.271023043926114
help,produces,-7.834472461357414,0.34783685363482797,22.52341113222676
help,understands,-6.8818365894223605,0.4105607407187677,16.762042511357382
hen,produces,-7.664827176465343,0.25047745578746533,30.60086646268512
her,produces,-8.858621484663955,0.30010420847758185,29.518484694378103
her,understands,-6.546101618260131,0.2994986080309825,21.85686825490338
here,produces,-7.534140505822889,0.3007268017445151,25.05310621506752
hers,produces,-9.352194708653963,0.30013928883062596,31.159515120766397
hi,produces,-3.5390440582171725,0.23516977424595273,15.04888997561335
hi,understands,-2.549150125807143,0.3000528483556919,8.49567047863949
hide,produces,-9.005439160925564,0.3583366465742132,25.131225753826143
high,produces,-8.976012534437684,0.3406917064034691,26.346436868667745
high chair,produces,-7.135411293049824,0.27819342225051513,25.649101388976536
high chair,understands,-4.1674516324991275,0.3003208870198509,13.876662638598505
him,produces,-8.979000539639951,0.3005620680860553,29.874031000708754
his,produces,-9.048612592530954,0.3000715187444293,30.15485318430921
his,understands,-6.582869720373963,0.2996129373259764,21.971246566071528
hit,produces,-9.027278632058234,0.36611685714544273,24.656823240652038
hit,understands,-5.066462360741967,0.3005937230361956,16.85485082511818
hold,produces,-8.623903723096726,0.34355135368465395,25.102226000869184
home,produces,-7.695291993502465,0.3514933717429464,21.89313543906647
home,understands,-4.47309971951294,0.29983688806984954,14.918443652172957
horse,produces,-7.111768799537372,0.33779352657632944,21.053597064508466
horse,understands,-5.941468739509755,0.38415579123543686,15.466300066444704
hose,produces,-8.182333237372216,0.30012697409465805,27.262905182229847
hot,produces,-5.665236897467856,0.29949045473500735,18.916251946929407
hot,understands,-6.052790105989214,0.42577459559469366,14.215949398143586
house,produces,-7.802181023148483,0.3388383908668291,23.026260404521018
house,understands,-5.209165167436919,0.300185161646411,17.35317341758821
how,produces,-8.917213677356562,0.3000579035285064,29.718309607896728
how,understands,-6.866716174208553,0.2995326099126976,22.924769948119973
hug,produces,-7.447496952054693,0.3382594032137365,22.017117281286136
hug,understands,-5.1408215201187355,0.41946870311669704,12.255554423779142
hungry,produces,-8.132772883648821,0.33402637459326934,24.347696775596763
hungry,understands,-4.345377777100232,0.2997732057931838,14.495550946932019
hurry,produces,-8.310098013603927,0.3003731404534562,27.665915804118324
hurry,understands,-6.195902836199249,0.2998911616388122,20.66050497233917
hurt,produces,-8.545090229929723,0.34565029528514407,24.72177905382796
hurt,understands,-5.6868966419868885,0.30013457447515124,18.94782249573089
ice,produces,-6.974151890586242,0.2993632801299617,23.29661769993492
ice cream,produces,-8.194039569298035,0.3672767091979403,22.31026189270808
ice cream,understands,-5.294811658377863,0.29955238480079166,17.675745302108073
if,produces,-9.966520949973505,0.30001754343392034,33.219793869049724
in,produces,-7.657171619202851,0.3000482078274703,25.519804549560163
in,understands,-4.717289848476278,0.30046960446641874,15.699723959943823
inside,produces,-8.207461378302298,0.3000211454772681,27.356276389272562
inside,understands,-5.1837590011215235,0.30033518869752035,17.25991224538892
inside/in,produces,-7.180070433360129,0.3001077566166447,23.92497453017149
into,produces,-9.434141931936326,0.3002654424389308,31.41933968593499
is,produces,-8.420376237418623,0.3004386331325411,28.026942306397395
it,produces,-7.878602613896862,0.2997543012876577,26.283534815189196
it,understands,-6.145835740399064,0.29943132679457996,20.525025908913385
jacket,produces,-7.558722407680412,0.32007515255063695,23.615461392257235
jacket,understands,-5.083658285131721,0.3010363608487227,16.887190207851233
jar,produces,-5.6688501739787425,0.19017805885311168,29.808118813312777
jeans,produces,-8.308532748273596,0.2999518345355302,27.699556367572157
jeans,understands,-6.561061269390467,0.29960345784439746,21.899150686031234
jello,produces,-7.603139562320739,0.25872038749317916,29.387477484823982
jelly,produces,-8.155788739450916,0.30003090265149396,27.18316235886012
juice,produces,-5.359072992929992,0.276913320329359,19.35288987382746
juice,understands,-3.383500756493662,0.24305980051931592,13.920445706219429
jump,produces,-8.258101338532743,0.35808150795746146,23.0620714977378
jump,understands,-6.544537154964799,0.37930371774536514,17.254081225110188
keys,produces,-5.392553979610272,0.2523986734393172,21.365223145306164
keys,understands,-3.9404301242721207,0.3007188690846547,13.103368392765733
kick,produces,-7.906517830795971,0.32186905959640855,24.56439224295106
kick,understands,-5.340211416016434,0.30077453425961825,17.754865547915525
kiss,produces,-7.325557051290834,0.3393336398988083,21.58806610943544
kiss,understands,-4.225262262248392,0.39009334956157043,10.831413216854898
kitchen,produces,-8.82399651951076,0.36668098480943806,24.064505346784042
kitchen,understands,-4.635886380582292,0.3010225604637723,15.400461591450105
kitty,produces,-4.300493908840887,0.2239888915417076,19.199585654631086
kitty,understands,-3.7267275886013507,0.2998904354973467,12.42696380903526
knee,produces,-7.302534903248902,0.3215992524771903,22.706939916680437
knee,understands,-5.680540344962134,0.30064414569474796,18.894564974266082
knife,produces,-8.653053388256088,0.3433799957283889,25.199643240430905
knock,produces,-7.741088013885458,0.29995094352274515,25.807846853125348
ladder,produces,-8.218233610141581,0.30055525687264,27.343503140336185
lady,produces,-8.40354638167188,0.29990073788601224,28.021092715236804
lady,understands,-6.55628846876891,0.2994658587018267,21.8932752374183
lamb,produces,-7.290319806684348,0.26710645789564347,27.293686061055933
lamb,understands,-5.6538928416704115,0.2997767693630345,18.860343493873124
lamp,produces,-8.347791210550417,0.2999041708462602,27.83486200606974
lamp,understands,-6.071670224080147,0.2996293316335856,20.263938083021674
last,produces,-9.373033532897121,0.30028330734488956,31.213967955041035
later,produces,-8.278955284505791,0.30034045092608425,27.565235581747515
later,understands,-6.394684747906416,0.29995443933034033,21.318853497160408
lawn mower,produces,-7.2090240114961635,0.264976636715362,27.206262789274135
leg,produces,-8.547920417371694,0.3717536560237576,22.993507337088364
leg,understands,-5.126487807212073,0.3009812378880706,17.032582639315613
lemme/let me,produces,-9.036178208279015,0.3418707303878784,26.431564346052035
lick,produces,-9.421287735044107,0.34667465599325203,27.176165237840433
light,produces,-6.341156970650366,0.29977360833194644,21.15315289406215
light,understands,-4.5433716422651935,0.30061696494518586,15.113490494768406
like,produces,-9.6415640242518,0.3752826529001881,25.691472679969873
lion,produces,-7.5438139310956185,0.3280946542968394,22.992797451282
lion,understands,-5.24697595642383,0.3004313605440464,17.46480775815868
lips,produces,-7.642400510499084,0.30042152134572736,25.438924868848368
listen,produces,-8.34500954911255,0.30061060620693314,27.760196669069106
little (description),produces,-9.398234611304506,0.3702439514622834,25.383897763045294
little (description),understands,-6.241051578362783,0.2997991862036434,20.817440025082153
living room,produces,-9.092063888820086,0.3337411781640147,27.24285908870333
living room,understands,-5.620913129837608,0.30000508773035267,18.7360593527325
lollipop,produces,-8.16728727166794,0.29976098668660067,27.24599809316353
long,produces,-10.364887992252513,0.3560275642456804,29.112599790448016
look,produces,-8.076528911691389,0.33543458944641236,24.077805825036005
look,understands,-3.889145917988789,0.3002250793384033,12.954100725226484
loud,produces,-9.280144589919074,0.3574667147299095,25.960863508455205
love,produces,-7.403356502811547,0.3191424822969786,23.197652814902717
love,understands,-4.869370913579158,0.29938582270463965,16.264534070416076
lunch,produces,-8.198376629585535,0.3375558810159997,24.28746495220133
lunch,understands,-4.381853570354189,0.30029660552580745,14.591751920344679
mad,produces,-9.617840319651995,0.3468737154060221,27.72720991094449
mailman,produces,-8.622391421450807,0.3000387206539926,28.73759560984873
make,produces,-10.264113124673509,0.3872896688951138,26.502419116821955
man,produces,-7.783636625303502,0.300022030703734,25.94355023544819
man,understands,-6.375953617344566,0.2994989411948732,21.288735085029774
me,produces,-6.690388866734447,0.2996996246252647,22.32364780269547
me,understands,-5.353768635994977,0.2997038556420016,17.863529398133913
meat,produces,-7.853435121610808,0.29974776526256025,26.200145694936843
meat,understands,-6.043603829744973,0.2994192460158336,20.184420040338292
medicine,produces,-8.26963620165759,0.3349717851121528,24.687560472858365
medicine,understands,-5.367297619898773,0.2994382857651773,17.924553656134226
melon,produces,-7.023614979152084,0.25091067771844927,27.99249136393227
meow,produces,-5.214852138777121,0.2999876882653363,17.383553868266198
meow,understands,-3.735954855495819,0.30018726330212986,12.445414287066829
milk,produces,-5.561834595570318,0.300396710556642,18.51496504493711
milk,understands,-3.262393494400103,0.30009684558455396,10.87113557640147
mine,produces,-6.236281036436889,0.3001691003779424,20.77589275040235
mine,understands,-5.160591935725999,0.2997671770603652,17.215333534287485
mittens,produces,-7.101892588097817,0.2579421477962904,27.532889249672106
mommy*,produces,-3.3980725449956655,0.29996394587438335,11.328269919541214
mommy*,understands,-1.0917058803412818,0.29986364397397114,3.640674360763936
money,produces,-7.389456980260807,0.3004235586837206,24.59679597910717
money,understands,-6.217307100872266,0.2994979608172549,20.759096602550457
monkey,produces,-7.489065571596776,0.3475067885887754,21.5508468252084
monkey,understands,-4.932963610146216,0.3003052097372254,16.426500274379798
moo,produces,-5.068476415100911,0.299991565770988,16.8953963824775
moo,understands,-4.105092812257649,0.30081786750054884,13.646439443129683
moon,produces,-6.392146134545486,0.30001615964111805,21.306006123776225
moon,understands,-5.375280857202613,0.3003510816932333,17.89665889298415
moose,produces,-6.925411853243511,0.23791084567430495,29.10927340708232
mop,produces,-7.811430112394226,0.26487293486193525,29.491235548342928
more,produces,-5.034649079655024,0.25165606339275964,20.006071031149553
more,understands,-3.8154601731606164,0.3002472049733126,12.707729197678136
morning,produces,-8.011389616571623,0.3004694445943073,26.66290952608699
morning,understands,-4.315401131237627,0.1722749293621832,25.04950167278907
motorcycle,produces,-8.33679721268196,0.32910092280455205,25.33203839611551
motorcycle,understands,-5.981273993570431,0.2999819243650702,19.938781332342465
mouse,produces,-7.447045832302525,0.31896447649452186,23.34757122218413
mouse,understands,-5.543253859080808,0.30032940826692,18.457246298551624
mouth,produces,-6.905410146438685,0.3355924481296446,20.576774551765293
mouth,understands,-4.995891759019185,0.3849061654603086,12.979505675219846
movie,produces,-8.282402167656445,0.3001103742648139,27.597853582855983
much,produces,-9.156450956902466,0.29995962370521306,30.52561155997788
muffin,produces,-7.74591684405324,0.3000536134056048,25.815109360414557
my,produces,-7.372565892188731,0.2999679436362909,24.577845895186442
my,understands,-5.955401635578613,0.29970578527207137,19.870826417889564
myself,produces,-9.119010045327217,0.30040339658606124,30.35588195393374
nail,produces,-8.501260051394128,0.3001974081922257,28.318898895857583
nap,produces,-7.770363731192,0.3448938532561263,22.529725183074063
nap,understands,-3.709017701162481,0.30038443877377863,12.347569389091309
napkin,produces,-7.569357133650881,0.30084404920062796,25.160401722298985
naughty,produces,-8.036312863793652,0.2519235140843537,31.8998125006417
naughty,understands,-6.531177713848973,0.2985150913989348,21.878886200499405
necklace,produces,-7.801562589491049,0.2998893408712743,26.01480455032186
necklace,understands,-5.9238897544695694,0.2997454027642776,19.763071259271886
need/need to,produces,-8.35232031366551,0.30072777344292817,27.773691196003238
new,produces,-8.455607464071404,0.30080864839055454,28.10958896731279
next to,produces,-9.205866777151028,0.3003864301412755,30.646746501902214
nice,produces,-7.61235923783429,0.29956555895329245,25.411329875278454
nice,understands,-5.473849791482494,0.29929534372994304,18.28912445902132
night,produces,-7.333536589657996,0.29995727127188615,24.448604158059428
night,understands,-4.316547973985727,0.2102370999557482,20.53180896661101
night night,produces,-5.102533017603657,0.2764167499397828,18.459565198980307
night night,understands,-3.1240900501145163,0.30013968666318147,10.408786937997935
no,produces,-4.655015274031888,0.3003130336675891,15.500543606723504
no,understands,-2.175060298389022,0.300785777772073,7.231260448880737
noisy,produces,-8.431194183501418,0.3002010440671824,28.085159429407547
none,produces,-7.84606177900336,0.2558690024482311,30.664370064094893
none,understands,-6.25128884596016,0.2994761202226832,20.87408118320704
noodles,produces,-7.165399314172938,0.29972075289922306,23.906917505249307
noodles,understands,-5.394011370006978,0.30024978760642834,17.96507971914879
nose,produces,-6.323882679042832,0.34788085322814166,18.178300473741807
nose,understands,-5.465004563566397,0.45177493631026555,12.096741373481583
not,produces,-8.354851167707663,0.3003209661690239,27.819739907887293
not,understands,-6.391664845243428,0.29975479388604437,21.322977899306927
now,produces,-8.34532385279184,0.3269425037060098,25.525356165670168
now,understands,-6.069386087954025,0.2997342551904795,20.249224047137897
nurse,produces,-9.485448795084155,0.2997952670930838,31.639754980317974
nuts,produces,-8.177947423235992,0.3000190097928281,27.258097508164912
of,produces,-9.497667898115422,0.300149535849887,31.64312039071573
off,produces,-6.684157593431197,0.30010175437876285,22.272970737102135
off,understands,-4.617925578192921,0.3006658598746182,15.358995464661865
old,produces,-8.829845558392725,0.3002017202156077,29.41304117794877
old,understands,-7.554836632379513,0.29953499602724043,25.22188302729227
on,produces,-6.724123488848172,0.30051150453814557,22.375594236175548
on,understands,-4.705124469479234,0.3009255892790239,15.635508036229359
on top of,produces,-8.69506816741961,0.300781473141125,28.908257136369336
open,produces,-7.509434589611023,0.3384002095065702,22.190986821671054
open,understands,-5.858633734404497,0.4097316689185529,14.298708591083024
orange (description),produces,-7.9068708829746,0.32550375694038164,24.291181635801518
orange (food),produces,-7.615447424509772,0.3325163140769789,22.90247756910587
orange (food),understands,-5.358998622916627,0.30042643761361765,17.837972801211674
other,produces,-8.721403359051907,0.30015353211602436,29.056474190284217
other,understands,-6.754110321912966,0.2997955134535809,22.529057370162228
ouch,produces,-5.09120979159235,0.27380354467430895,18.5943896294271
ouch,understands,-3.9783047147506503,0.29946441727112577,13.284732627011298
our,produces,-9.466855806989194,0.3002028119573292,31.534867196163415
out,produces,-6.099804898290876,0.26692341604285913,22.852265974714815
out,understands,-4.769926037962519,0.300448103632627,15.876039756253373
outside,produces,-6.1984119017982575,0.3000965260144639,20.65472727764769
outside,understands,-4.32943045627653,0.36295405503944,11.928315433219439
oven,produces,-8.054631796205408,0.3004473066676495,26.808800137174554
oven,understands,-5.807537778722232,0.30018429980174244,19.346574029880433
over,produces,-9.402764268495352,0.3454881691299936,27.21587917807241
owie/boo boo,produces,-5.993272816437413,0.29978129938371667,19.992150373483074
owie/boo boo,understands,-4.891127871647983,0.3001901463882609,16.29343244771892
owl,produces,-6.3948822260218865,0.27430366131493616,23.313149359241446
owl,understands,-5.554297586255936,0.30019418238472884,18.50234918655935
paint,produces,-9.233672918386285,0.35450580362756523,26.046605792910928
pajamas,produces,-8.189411944104325,0.352659925911156,23.221838781215663
pajamas,understands,-4.479548726697518,0.30052548058287326,14.905720200527995
pancake,produces,-7.249838278150567,0.3004419768898549,24.130577069157123
pants,produces,-8.23309932671495,0.3720741036627689,22.127579548446775
pants,understands,-5.767901593446857,0.3774994285200599,15.279232649594215
paper,produces,-8.081846245040342,0.35015799015261856,23.080570691869173
paper,understands,-5.306675196774105,0.3000074370091313,17.68847882465189
park,produces,-7.572685891066477,0.3271777536620578,23.14547919687813
park,understands,-5.206775487885919,0.3004539623863891,17.329694860838327
party,produces,-9.181696385844486,0.3513206140932325,26.13480683319047
party,understands,-6.920361076496291,0.29941395729034426,23.11302097979874
pattycake,produces,-6.138192147895913,0.23156340958499114,26.50760825683473
pattycake,understands,-2.0583507267368044,0.15017241698871198,13.706583192914346
peanut butter,produces,-7.416954889703369,0.30064507335356294,24.670136140833826
peas,produces,-6.265576672175883,0.25434599529098445,24.634068505807424
peas,understands,-5.28592877184303,0.2998359358167651,17.62940375190168
peekaboo,produces,-5.034101598792483,0.2521560476647851,19.964231060144115
peekaboo,understands,-2.4446541132677537,0.29996884524566036,8.14969338321017
pen,produces,-7.362929216117396,0.29988637688567776,24.552396452888157
pen,understands,-5.318074577621224,0.30042970049847617,17.701560693890844
pencil,produces,-7.7652778394149475,0.30027672310012105,25.860405559393882
penguin,produces,-7.813694007078908,0.30010332976475385,26.036678810608123
penguin,understands,-6.142092996982274,0.29985427857113023,20.483592984734656
penis*,produces,-5.912229838818304,0.2205978444742986,26.800941110315907
penny,produces,-8.403494622882512,0.29976515075384247,28.033594304573423
penny,understands,-6.83554413275773,0.29924893482387305,22.842334048008826
people,produces,-8.101002638288291,0.30006721910799455,26.997293014445308
people,understands,-6.1148550505536585,0.2993733403177355,20.42551632708426
person,produces,-9.306271241026328,0.2998516904206387,31.036247379400404
person,understands,-6.70604851242651,0.2994409016310891,22.395232167342172
pet's name,produces,-3.17924461250205,0.14750445545297888,21.55354970626987
pick,produces,-9.252972168582232,0.3335762966210659,27.738698049919808
pickle,produces,-7.8874463288927865,0.29960077894963694,26.32652143477461
picnic,produces,-8.670495947933317,0.30038865280196786,28.864259242340182
picture,produces,-8.483168677938151,0.35114325803688995,24.15871153376078
picture,understands,-5.2380892012205384,0.29990809629021126,17.465647863510195
pig,produces,-7.087773184462664,0.3335553200480621,21.24916845410046
pig,understands,-5.598749573274843,0.3668985519704619,15.259666584144995
pillow,produces,-7.960527636497212,0.3498636939399498,22.753225825894205
pillow,understands,-5.004170590052788,0.30022928846750047,16.66782949656987
pizza,produces,-8.047333827331729,0.36905758105205366,21.805090155285807
pizza,understands,-5.458770648730439,0.30055341913321265,18.16239743494975
plant,produces,-7.951357275030085,0.2999558873543481,26.50842210553739
plant,understands,-5.583414754637125,0.29928395770520627,18.655910585547556
plate,produces,-8.454164489040702,0.3526837507443962,23.970949813244353
plate,understands,-5.403395539937975,0.30089058767362886,17.958007864968348
play,produces,-8.440352094569047,0.3699297778528503,22.816092674557353
play,understands,-4.578376100973524,0.29991552912804315,15.26555198486863
play dough,produces,-7.926334755659408,0.300596801906605,26.368659631056584
play pen,produces,-8.068794595177485,0.2443824993065945,33.01707208196865
play pen,understands,-2.8690525653143646,0.07800471283318942,36.78050288384166
playground,produces,-8.064438713330919,0.3003490938149867,26.85021822738898
please,produces,-6.912408948352911,0.3596749927456004,19.2184863773448
please,understands,-5.849355975426047,0.3775507316613819,15.492900648573562
police,produces,-9.997214380533851,0.3534224031154409,28.28687228768684
pony,produces,-7.331938798886641,0.2593753912598748,28.267673210141147
pony,understands,-6.141646162909631,0.29928735713731996,20.52090078797315
pool,produces,-7.184518432936549,0.3000416560666436,23.94506991836081
pool,understands,-4.321680613041421,0.2222736432105029,19.443063741698783
poor,produces,-9.804922083723502,0.29998353800722055,32.684867139234484
popcorn,produces,-7.35815756536221,0.30023768268770007,24.50777497179122
popsicle,produces,-7.783474756203009,0.2999782536288982,25.946796682908595
porch,produces,-9.001524963244755,0.29975129379432286,30.029978684333003
potato,produces,-7.6316585227139,0.3001050565171286,25.42995646685587
potato chip,produces,-7.398504634373245,0.30006099060998986,24.656669363561477
potty,produces,-7.55538882351888,0.35039262159044765,21.562636762225857
potty,understands,-5.298200678685816,0.30067774156271004,17.620860962801967
pour,produces,-8.417662583361667,0.3008183568214102,27.982542928253086
present,produces,-9.19808658026158,0.3632494660205036,25.32167956371447
pretend,produces,-10.610228582561192,0.3578818620464188,29.64729344451941
pretty,produces,-6.412008785291795,0.2534233922638119,25.301566394537648
pretty,understands,-4.4376962323411,0.2175990149969294,20.39391691365754
pretzel,produces,-7.178447638662127,0.271589629103254,26.43122884465149
pudding,produces,-8.802377048338034,0.29957281204037894,29.383097178897447
pull,produces,-8.591059291162095,0.3292139848444313,26.09566934169508
pull,understands,-5.5638915710084635,0.30025244515024213,18.530711942160437
pumpkin,produces,-7.699201512592034,0.29980903220183325,25.680352109635194
puppy,produces,-5.784343158160929,0.27327188783178685,21.166989418690203
puppy,understands,-4.24399116293423,0.29957319206776295,14.16679220740902
purse,produces,-7.659981162045793,0.29976808258192916,25.553024511714835
purse,understands,-5.461036383600922,0.2998544867035565,18.21228837906246
push,produces,-8.158737222198543,0.3311372545931432,24.638536162966318
push,understands,-5.0867985365095425,0.3004187096870645,16.932362640823136
put,produces,-9.008554423324245,0.33845466411062314,26.61672412462255
put,understands,-5.127877399605091,0.30082401390979924,17.046103909585696
puzzle,produces,-8.157288298864321,0.33541142601339724,24.320245722751547
quack quack,produces,-4.823428673323247,0.26155818521176727,18.441130677742006
quack quack,understands,-4.134308843205801,0.30061440298065834,13.752863476311228
quiet,produces,-9.133019140360824,0.34477188038430384,26.490034889680103
radio,produces,-8.494984933693763,0.2998551033771792,28.3302996614607
radio,understands,-6.1027503757240495,0.29909561199220025,20.40401173081468
rain,produces,-8.479610991574367,0.37835200372957023,22.41196269079423
rain,understands,-5.584042326641719,0.30022725732107985,18.599384934159495
raisin,produces,-7.489131940870599,0.3000531143290879,24.95935413840357
raisin,understands,-5.807432695837459,0.30028812455756454,19.339535002904146
read,produces,-7.9111485456964115,0.34460822227779675,22.956934960533385
read,understands,-5.751250021222531,0.39914654556348084,14.408868334569725
red,produces,-8.126352441329342,0.339798739245837,23.915193032691338
red,understands,-6.65763068194157,0.2999246319504541,22.197678925688816
refrigerator,produces,-8.882561601975446,0.34827477790780015,25.50446419156702
refrigerator,understands,-4.927434909137092,0.3012063421367938,16.359001188956643
ride,produces,-8.422489377406874,0.3431926036531807,24.54158186322211
ride,understands,-5.122219901198404,0.300432812280549,17.049468938882722
rip,produces,-9.020574949513314,0.3001420252481428,30.054354907665935
rock,produces,-6.7543173097502605,0.3004534405734494,22.480412595238985
rock,understands,-5.450103653766597,0.30118831534228585,18.095335629381303
rocking chair,produces,-7.499693958076508,0.272657403660821,27.50592449492382
rocking chair,understands,-5.739156601147524,0.29973361224886685,19.14752422355068
roof,produces,-8.723310590861276,0.30040711169004974,29.038295870510893
room,produces,-8.433382751931333,0.3409515235321357,24.73484401701599
rooster,produces,-8.33482493963176,0.2995595769924389,27.82359697297255
run,produces,-8.743172538562495,0.36868663314206096,23.7143735427848
run,understands,-7.770232701465641,0.46034712227880054,16.87907304166821
sad,produces,-8.944408714927256,0.34610792026940274,25.842831646167262
salt,produces,-8.579919579769735,0.3001048791905367,28.589737037638567
same,produces,-9.042897032445168,0.3000158819236334,30.14139443040207
same,understands,-7.035566007249663,0.2996812617389338,23.476829903962
sandbox,produces,-8.276572289957569,0.30001508041493247,27.587187545741866
sandwich,produces,-8.780057068777277,0.35241648295992867,24.913866102498982
sauce,produces,-8.225241355224641,0.29976487702566884,27.438976296480238
say,produces,-8.127212694990964,0.30052092110628387,27.043750115875127
say,understands,-5.169534132607965,0.3002984828536273,17.21465284634062
scared,produces,-10.10569129948214,0.3843160247767085,26.29526391816123
scared,understands,-6.76305049190027,0.29956519622560523,22.5762223953645
scarf,produces,-9.071431147091495,0.29968222859572496,30.2701671353658
school,produces,-8.384016643222008,0.34804170455515704,24.089114992520454
school,understands,-6.063460197868742,0.29908207410503806,20.273566097242075
scissors,produces,-9.580314527325132,0.37141595328491706,25.794030769529098
scissors,understands,-6.55523944478064,0.29974937611229,21.869067851954302
see,produces,-6.989238835003075,0.30033228177496685,23.27168692521697
see,understands,-4.796499210067414,0.3000469808683941,15.985827273400371
shake,produces,-8.07183593214207,0.2998312951562909,26.92125892974088
share,produces,-9.15190684241004,0.34924985549549586,26.204468515601345
she,produces,-8.705421948933918,0.3005447967555069,28.965472178897098
sheep,produces,-7.041762364476617,0.3000657841080307,23.467395276035266
sheep,understands,-5.333275977343837,0.30057060168156685,17.743837712359053
shh/shush/hush,produces,-5.4077610546030686,0.27647270911639055,19.559836744416202
shh/shush/hush,understands,-3.117148425526636,0.2335250826215397,13.348238187237532
shirt,produces,-7.855363131045536,0.35913849269243153,21.872796402731797
shirt,understands,-5.583334233078843,0.3739554037698613,14.930481487345814
shoe,produces,-6.2841563328065275,0.3661387624273086,17.163318877099645
shoe,understands,-6.55247012737338,0.5522706557275643,11.864599466616818
shopping,produces,-8.579379603451573,0.3295586761264586,26.032935027811206
shorts,produces,-8.379645976082623,0.33399333274516785,25.08926123527194
shorts,understands,-5.898367788278533,0.2995645734434801,19.689804173027152
shoulder,produces,-8.0739786677376,0.30043792464097835,26.874032888444294
shovel,produces,-7.835889390683248,0.3004719884135734,26.07860197569509
shovel,understands,-6.291739258324661,0.29997732910645064,20.974049195870933
show,produces,-9.228729410332164,0.34145569169074824,27.027604561620542
show,understands,-5.120041851778261,0.30061981232975393,17.031618149511775
shower,produces,-7.262487940390773,0.30038402322846103,24.17734426197226
sick,produces,-9.489510001288382,0.35752771279717116,26.542026426555275
sick,understands,-6.671661763414824,0.2993218197905347,22.289259660667742
sidewalk,produces,-9.11298145642187,0.3323246520950593,27.421924310975164
sing,produces,-8.58774786195062,0.35040602354454053,24.50799154386974
sing,understands,-5.033019462235514,0.2998479343057564,16.785239737897676
sink,produces,-8.729978883541635,0.3452830531700786,25.28354288862664
sink,understands,-5.849581153067527,0.3005447505304832,19.463261769645268
sister,produces,-5.714080776531197,0.21245019034291918,26.89609629112598
sit,produces,-6.651189676921664,0.30004194056032685,22.167533193861498
skate,produces,-9.246268301455636,0.3002547446501534,30.794745016366264
sky,produces,-7.3270147099851926,0.3002655095888167,24.40178600605444
sky,understands,-5.741658880040931,0.29990217002267794,19.145106151138418
sled,produces,-6.77942134487682,0.22025407448803952,30.78000423208953
sleep,produces,-8.511169184794026,0.37018881421167665,22.991427234014903
sleep,understands,-4.40671420333055,0.3004294053988708,14.668052208404474
sleepy,produces,-7.658673098521824,0.3002366878087382,25.508784933707638
sleepy,understands,-3.772862777847935,0.2388279030624381,15.79741198356364
slide (action),produces,-7.444117172024333,0.2998814131712368,24.823536388277688
slide (object),produces,-7.015975134903971,0.300404881605517,23.355063664102325
slide (object),understands,-6.697110932801518,0.41702274231280473,16.059342221144572
slipper,produces,-8.022321609788962,0.29940938447505777,26.793821522508956
slow,produces,-9.637471679003847,0.34361037527278226,28.04767368084546
smile,produces,-8.926009787635241,0.3367533012223322,26.50607954023318
smile,understands,-3.433353612220193,0.19046795477797684,18.025885856874755
snack,produces,-6.95547205620327,0.29978992976753194,23.20115309275664
sneaker,produces,-7.491240619609318,0.2523027197693224,29.691477866185814
snow,produces,-7.454164134896439,0.3001383109000954,24.83576359359751
snow,understands,-6.505951328640874,0.2994454469206305,21.7266663946482
snowman,produces,-8.07288000883449,0.3003289089836335,26.880129642379593
snowsuit,produces,-9.535843453574076,0.2996412053396067,31.824206029228733
so,produces,-9.362043735627953,0.2998674422022722,31.220607568703283
so big!,produces,-6.5355227421699,0.24997461466577572,26.14474574111499
soap,produces,-8.170039535904614,0.35615664991337426,22.939455259060196
soap,understands,-5.346063542905179,0.300632077864717,17.782744878312293
sock,produces,-5.578601396207813,0.27355343907215907,20.393095459261495
sock,understands,-5.1476735219730525,0.4079588076159776,12.618120814831613
soda/pop,produces,-6.311573048257753,0.22251500925217627,28.36470703468298
sofa,produces,-8.823263902811615,0.2994337383258751,29.46649883924976
soft,produces,-7.831047904026364,0.30017930513711594,26.087900698048777
soft,understands,-5.5328123664240145,0.29991439878211584,18.44797178425413
some,produces,-7.973628603046037,0.30021384303922444,26.559829894333827
some,understands,-5.9790083921438555,0.2993420318071802,19.973835134503283
soup,produces,-7.504160950470859,0.30001359152145796,25.012736631080717
spaghetti,produces,-7.467985658093048,0.30028139062835024,24.86995828301582
spaghetti,understands,-5.620277395696498,0.2998604483683425,18.742976695588286
spill,produces,-9.5868420977788,0.3618889296189987,26.491117337775293
splash,produces,-7.6500306796293955,0.3001880868560948,25.484124835695738
splash,understands,-4.598175427445141,0.299797507106616,15.337603944151233
spoon,produces,-6.7709002626372286,0.3277985202164648,20.65567671924206
spoon,understands,-4.167838440401317,0.3006505737624649,13.862732368155074
sprinkler,produces,-8.75984838773448,0.30006510334408737,29.193159384780188
squirrel,produces,-7.502698642248371,0.30006695298494745,25.003415296534623
squirrel,understands,-5.878175087825668,0.2999519297746769,19.59705707591659
stairs,produces,-7.38201766188241,0.3004106452735061,24.5730894627969
stairs,understands,-4.690818102197493,0.30130337584064804,15.568421990327622
stand,produces,-8.806742610656498,0.33844847810106,26.02092543027132
star,produces,-6.847179462868962,0.3003816303852185,22.794934077985836
star,understands,-5.896691074754664,0.30026761551812226,19.63811869814771
stay,produces,-9.214494900119114,0.3505863682197727,26.28309522389304
stick,produces,-7.344520430066733,0.3003499785112074,24.453207776050082
sticky,produces,-7.933260731668796,0.3003011399150199,26.41768437480382
stone,produces,-8.83021747100503,0.2993454105375539,29.498422759006182
stop,produces,-7.528220059685336,0.3301891093655537,22.799722480703668
stop,understands,-4.208825700827096,0.3007011727027423,13.996705310450265
store,produces,-8.515489862694128,0.35160346165447726,24.219015997807066
store,understands,-5.5061258883650135,0.29985310015004396,18.36274457596001
story,produces,-8.052251413505896,0.3255418809047732,24.734917028575268
stove,produces,-8.041672848468279,0.2999430206092626,26.810668346719794
stove,understands,-6.053104719348814,0.29992598675391396,20.181994847666605
strawberry,produces,-7.082534246719303,0.3002721470852128,23.587050332408566
street,produces,-8.838451219193342,0.34438078979354436,25.66476261492976
stroller,produces,-7.4117350371168405,0.30005914971303055,24.700913283948342
stroller,understands,-3.9162413088900845,0.3003096592017012,13.04067714405338
stuck,produces,-7.689015002320733,0.2997056057551762,25.655225843862738
sun,produces,-8.31567488449102,0.36352830086782945,22.874903727273793
sun,understands,-5.684346317850231,0.300067018419945,18.943589161455144
sweater,produces,-7.530758897789875,0.2994687168791469,25.147063694232127
sweater,understands,-6.024733029964311,0.3000477711427318,20.079246071447617
sweep,produces,-7.945010574079242,0.300166844263896,26.468648106565265
swim,produces,-8.656702253996949,0.3501737141952899,24.72116524762665
swim,understands,-5.79122732955641,0.2997516942061249,19.320082059566474
swing (action),produces,-7.206088519359549,0.30013203178873094,24.009728239976937
swing (action),understands,-5.0547462642760275,0.3001964704807234,16.83812689796634
swing (object),produces,-6.785795877690014,0.3003107402677598,22.59591472366169
swing (object),understands,-4.63112608827519,0.30014820039991147,15.42946478474557
table,produces,-8.504444776432203,0.3598936143126217,23.630440880912143
table,understands,-6.174625189846116,0.38793928655295734,15.916473025227422
take,produces,-9.598931771135238,0.360248744447625,26.64528862093171
take,understands,-5.623779330760359,0.30030058094829554,18.727167669810928
talk,produces,-9.166228364605548,0.35477238607317413,25.836927349568164
tape,produces,-7.9789163576675755,0.30073004246404433,26.53182333328585
taste,produces,-8.41716800824512,0.3006948426310422,27.99239233568476
teacher,produces,-8.391213456705696,0.3001362769757961,27.95801141153753
teacher,understands,-6.730597360720584,0.2994633699864429,22.475528012074687
tear,produces,-9.033035146300039,0.30036411520127704,30.073616284844515
teddybear,produces,-6.148817525208714,0.2618485951614813,23.48233917931374
teddybear,understands,-4.388757187756138,0.29981519667017514,14.638207924410791
telephone,produces,-7.150057347196039,0.3321001979622499,21.52981958778836
telephone,understands,-4.613056128724534,0.3676608339414207,12.54704255351695
thank you,produces,-5.565580146252646,0.30019278743933375,18.54001954453153
thank you,understands,-4.018107438891004,0.3011806682400316,13.341186412697304
that,produces,-5.099036317886802,0.20944223195018583,24.345788671214923
that,understands,-5.343690562249784,0.29956141358859695,17.838380778869432
the,produces,-8.25674027769234,0.3004089754042951,27.484998630884082
their,produces,-9.727648964390594,0.30021096793902713,32.40271010473635
them,produces,-9.310549813735294,0.3002219880042426,31.012218244333663
then,produces,-9.532821591810494,0.3002912723011736,31.745250265714226
there,produces,-7.629613712914458,0.30007151992197467,25.425984161703614
there,understands,-5.327461169654509,0.2996302866064115,17.780115721921522
these,produces,-8.658945097640409,0.29979147871289263,28.883226217156746
they,produces,-9.290308925915573,0.3008901711274513,30.876079770583054
think,produces,-9.104580379644643,0.3011216283216996,30.235557739206552
thirsty,produces,-7.813828957791787,0.30040574019278665,26.010917610220197
thirsty,understands,-4.881421894037882,0.29959098572799836,16.293620724856435
this,produces,-5.618667011069828,0.22473558915953404,25.001233814735414
this,understands,-5.5492875055018125,0.2997557116937512,18.512699805271115
this little piggy,produces,-7.993257252758269,0.2992462988334313,26.71129863232673
those,produces,-9.059301745543666,0.3001708432065358,30.180485382153904
throw,produces,-8.538582872968076,0.3475351960205324,24.568973073057084
throw,understands,-6.009011169584321,0.4271552658992318,14.067510456494942
tickle,produces,-7.0255903000333575,0.299555022216859,23.453421838967774
tickle,understands,-4.426974377750035,0.30000148718809605,14.756508106822798
tiger,produces,-7.17336659353556,0.3002743635254074,23.889374068820874
tiger,understands,-5.594925057002583,0.3002642639745115,18.633336458172455
tights,produces,-9.256092967373757,0.2992593041753637,30.930008986286204
time,produces,-9.144023043876327,0.30006960079445577,30.473006994600155
tiny,produces,-8.96531104314625,0.3001616846598753,29.86827267212732
tired,produces,-8.96299833260314,0.3494114435274215,25.651702308655878
tired,understands,-4.8948325209609935,0.299329010878233,16.352683311916635
tissue/kleenex,produces,-7.471439858200506,0.30092527037751526,24.828223461683603
to,produces,-9.332594990736752,0.34018642896492013,27.433766300239814
toast,produces,-6.766791217318025,0.2823794095419034,23.963472507771055
toast,understands,-5.302158695874963,0.2998770552712037,17.681108316472503
today,produces,-8.679866562166266,0.3003303468491226,28.90106395584055
today,understands,-7.196227061713959,0.29934315659216393,24.040058719359205
toe,produces,-6.429278156679245,0.3001279449969114,21.421791152254773
toe,understands,-4.458437648010962,0.3007503987932096,14.824378175061046
tomorrow,produces,-8.671263495678131,0.3001698996997669,28.88785152792209
tomorrow,understands,-7.2872470039521104,0.29925240583075463,24.351506828230782
tongue,produces,-7.113460710784094,0.3003654603087467,23.682685430848615
tongue,understands,-4.902462507649138,0.30026294253619285,16.327231280157754
tonight,produces,-9.183483010250038,0.29992306986361,30.619461898766996
tonight,understands,-7.21660285750905,0.29920880650090215,24.118952051925287
too,produces,-7.839660746015847,0.3008081683668961,26.06199422235703
tooth,produces,-6.585929697431586,0.30005392266206904,21.949153802094717
tooth,understands,-5.375569874006114,0.35993189965646966,14.93496375046704
toothbrush,produces,-7.44527429419435,0.3408897399141557,21.840711005468368
toothbrush,understands,-5.92034398588601,0.43367616624364635,13.65153182653774
touch,produces,-8.5056778619467,0.3288620256405287,25.86397090202216
touch,understands,-4.994123266045223,0.30010334540254235,16.641344865204275
towel,produces,-8.21798788957366,0.35277809683122774,23.295062713332854
towel,understands,-5.141698743631695,0.30076352563903597,17.095486338335288
toy (object),produces,-7.3273524529968785,0.33598869513880175,21.80833033673899
toy (object),understands,-3.8834287312601132,0.29926082635010587,12.976735975182004
tractor,produces,-6.458742455701381,0.25525784900686693,25.302816273154555
train,produces,-7.750250909375894,0.36491285241573973,21.238635082510466
train,understands,-4.919033982894721,0.30134134244304606,16.32379395078996
trash,produces,-6.664913457759633,0.26958707088341033,24.7226747036472
trash,understands,-6.155140942521275,0.37418260300298956,16.449564712852506
tray,produces,-9.335308206120533,0.29945055806492815,31.174789809863743
tree,produces,-6.836278110017973,0.33235689580289796,20.569087617403255
tree,understands,-4.761068950261903,0.30107232308635196,15.81370516378006
tricycle,produces,-7.875202281266253,0.2641464541442947,29.81377246489284
truck,produces,-6.544275374627186,0.3326243585056585,19.67467266687222
truck,understands,-4.480310640968819,0.30088247923337297,14.89056675012892
try/try to,produces,-8.359135266879452,0.30044829592135147,27.822208946951818
tummy,produces,-7.317509849704635,0.3386993244225411,21.604737069317995
tummy,understands,-4.981512706391064,0.36671108197726127,13.584298242451135
tuna,produces,-7.988473511965529,0.25935627768435865,30.801157324164127
turkey,produces,-7.435704933381631,0.27503646777260554,27.03534187157071
turkey,understands,-6.416986556993056,0.2996835153251872,21.41254433040793
turn around,produces,-7.857262739051593,0.30050822320661835,26.146581465257373
turtle,produces,-6.833173494459742,0.3003166515623379,22.753228830008293
turtle,understands,-5.590604745693436,0.300071848360605,18.63088715664871
uh oh,produces,-3.894654222891956,0.2753271775785339,14.145549513654716
uh oh,understands,-3.038375474421092,0.3003920734097478,10.114699232681206
uncle,produces,-7.728429248088276,0.29986866069041257,25.77271406186452
uncle,understands,-3.601437175632873,0.14854854250027014,24.244177122278554
under,produces,-9.363063902717325,0.3541501777675067,26.438117190114784
under,understands,-5.327182868389028,0.30006307502004004,17.75354354424731
underpants,produces,-8.321857627844667,0.3006856894683739,27.67626767525283
up,produces,-4.779319006110679,0.2417911125499895,19.766313805775518
up,understands,-4.022587015263117,0.3000643714453577,13.40574689319834
us,produces,-9.609118463496253,0.300166728240447,32.01260352812627
vacuum,produces,-7.379803483733496,0.3001713877642063,24.58529954737243
vacuum,understands,-4.8866030739245545,0.2999534832157688,16.291202960991857
vagina*,produces,-6.790247304812142,0.22212269718028918,30.569803946242995
vanilla,produces,-9.274915986478517,0.3001162268252639,30.904413548683703
vitamins,produces,-8.260086072861151,0.2995658045193065,27.573527913559985
vroom,produces,-3.341945682025426,0.1776720594469055,18.809629901453995
vroom,understands,-4.279708953504404,0.30043564549954993,14.245010595824306
wait,produces,-8.483127395012108,0.32620876000824234,26.005210267185234
wait,understands,-4.877031977350968,0.30032053566009026,16.239422211443127
wake,produces,-9.691286259167999,0.3647203778199992,26.571825564270906
walk,produces,-7.466029458043213,0.32509574169416766,22.965632890592723
walk,understands,-4.228289772271757,0.3004620691408378,14.072624156394928
walker,produces,-9.868347041056824,0.2996001360657432,32.93839305497294
wanna/want to,produces,-7.520501860058225,0.3002912428024739,25.044026558593565
wanna/want to,understands,-4.901182411585301,0.29993315495117456,16.340915736318493
was,produces,-9.322494761511324,0.3005296716518789,31.02021411153743
wash,produces,-8.256423050895375,0.3451272825469697,23.922835047883314
wash,understands,-4.759374721946129,0.30157595220627287,15.781678502968953
washing machine,produces,-8.169582749507581,0.29991840885174437,27.239350798056442
watch (action),produces,-8.854374087746093,0.34262656878744047,25.84263712846855
watch (action),understands,-5.3977328970738645,0.2999486411506866,17.995523754889025
watch (object),produces,-7.5367731096539705,0.29964163738998006,25.152622897481198
watch (object),understands,-5.53672937221582,0.29949408150127915,18.486940858603152
water (beverage),produces,-5.751057148244786,0.3001580762588823,19.160094640547257
water (beverage),understands,-3.503647633877641,0.30003483071184117,11.67746966432243
water (not beverage),produces,-6.215049783417833,0.3003416784041616,20.69326447278626
water (not beverage),understands,-4.464041583765022,0.3000947735703957,14.875439284242832
we,produces,-8.939710930316158,0.3004554291751783,29.753867170441197
were,produces,-9.843886274614652,0.3002109201586797,32.78990074515465
wet,produces,-8.267554145223087,0.36259442716074786,22.801106486829315
wet,understands,-5.154268088910032,0.29992931431087055,17.18494272809806
what,produces,-6.477086224527107,0.27079190863811853,23.919053774915298
what,understands,-5.208672849592607,0.29954326300572554,17.388716398849695
when,produces,-9.368651988760197,0.30009348779819306,31.219111275951548
when,understands,-7.349794479466732,0.29947400173536687,24.542345702387383
where,produces,-8.134595624472368,0.32355898021086066,25.140997845805796
where,understands,-4.612815866320545,0.29930813755474045,15.411595234282288
which,produces,-9.866440834031785,0.2999974647756264,32.888414045135605
white,produces,-8.607115657634145,0.32842639053360145,26.20713775056255
who,produces,-8.345416746724766,0.2998411042370387,27.832797534414482
who,understands,-5.478435217291243,0.2995114569160523,18.291237583030924
why,produces,-8.18850835241421,0.2998862174101411,27.305384099113667
why,understands,-7.035453691120306,0.2994202226859065,23.49692224529716
will,produces,-9.194739645236433,0.30046585740796933,30.601612191670466
wind,produces,-7.764647455185594,0.3002195722950793,25.863228689013958
window,produces,-8.395983861434237,0.3403753241932533,24.666840586444184
window,understands,-4.822007819567386,0.3001869679915945,16.063348291996494
windy,produces,-8.084549396625182,0.3003066924847134,26.920976451554477
wipe,produces,-7.753205562620665,0.30068283193730433,25.78532838960787
wipe,understands,-5.065105911848485,0.300499658581026,16.855612867469336
wish,produces,-9.722901623401846,0.30015455268558056,32.39298400243434
with,produces,-10.156141405265151,0.36726276071485714,27.653610688698112
wolf,produces,-8.425144495899747,0.2995444922236984,28.126521150012966
woods,produces,-9.534291240864437,0.29985653693101894,31.796176059546006
woof woof,produces,-4.062361614551657,0.24963998753841057,16.272880216862717
woof woof,understands,-3.5274242603323804,0.30076507110804956,11.728171251192784
work (action),produces,-7.700105244668557,0.3003786588124428,25.63466151394105
work (place),produces,-8.152737124798735,0.3336457663524784,24.435308183068077
work (place),understands,-5.9972818283493226,0.29982649202581796,20.00250807668089
would,produces,-10.114281907557599,0.30006475497070534,33.706997373100464
write,produces,-8.280964158204508,0.30032518261448965,27.57332597324784
write,understands,-6.409801661224669,0.3000057052076328,21.36559922014973
yard,produces,-8.303538285398314,0.30013252207349506,27.666239659842603
yellow,produces,-7.181928174779779,0.30018666039537684,23.924874494157862
yes,produces,-5.959487758299641,0.32353922543574426,18.419676162213015
yes,understands,-4.601604997879997,0.3851359375940274,11.948002117451212
yesterday,produces,-9.584089920166443,0.3002951001873405,31.91557209620591
yogurt,produces,-6.246344736430902,0.2709831954276199,23.050671930316476
you,produces,-7.67818290528207,0.3196987322943958,24.01693259831755
you,understands,-4.05826687161588,0.23219282791723406,17.478002692927546
your,produces,-8.737769827818067,0.3002115250039484,29.10537770894421
your,understands,-5.686445407781078,0.2992647418332235,19.001387777749187
yourself,produces,-10.061876891901864,0.30012161732099435,33.52599849926907
yucky,produces,-5.915519082491031,0.262618603631723,22.525133409004486
yucky,understands,-4.539505757163428,0.29965753542006196,15.148979153152007
yum yum,produces,-2.9496417311730188,0.16648051311715215,17.717639596037042
yum yum,understands,-2.7693197397086853,0.24300504579097865,11.396140893678076
zebra,produces,-7.508293300380496,0.29968737683429025,25.053752279102987
zipper,produces,-7.495869651202286,0.3003737593778309,24.955141443542217
zipper,understands,-5.680935083949389,0.30015005375033543,18.926983397027094
zoo,produces,-7.8811020402121805,0.29991878166869723,26.277454170636016
zoo,understands,-6.641849455866996,0.29945221545934836,22.179997719097354
