category,AoA,visual_frequency,word_count_childes,log_word_freq,cdi_semantic,published_global,published_local,global_cls_L00,local_cls_L00,global_cls_L01,local_cls_L01,global_cls_L02,local_cls_L02,global_cls_L03,local_cls_L03,global_cls_L04,local_cls_L04,global_cls_L05,local_cls_L05,global_cls_L06,local_cls_L06,global_cls_L07,local_cls_L07,global_cls_L08,local_cls_L08,global_cls_L09,local_cls_L09,global_cls_L10,local_cls_L10,global_cls_L11,local_cls_L11,global_mean_L00,local_mean_L00,global_mean_L01,local_mean_L01,global_mean_L02,local_mean_L02,global_mean_L03,local_mean_L03,global_mean_L04,local_mean_L04,global_mean_L05,local_mean_L05,global_mean_L06,local_mean_L06,global_mean_L07,local_mean_L07,global_mean_L08,local_mean_L08,global_mean_L09,local_mean_L09,global_mean_L10,local_mean_L10,global_mean_L11,local_mean_L11,global_final,local_final
apple,19.0,0.007877399026067,2169.0,3.3364597338485296,food_drink,16.852457214819857,18.22773213526336,28.11246005924721,18.583788856061748,24.872197544491428,20.486343154629736,21.5476602917635,17.42491903759535,18.65869774997581,17.3519047732912,19.36962375094913,19.3034459345847,21.289158277998,19.84281085794696,21.997911094281758,22.688201831715546,23.934779187557595,24.59898680101864,26.60710817429021,26.288741488345025,24.96865335243971,25.96405871942513,22.53216852325425,23.935946811496308,21.61261555032513,23.51386634954292,19.61076031596767,16.83788887653776,19.747067374952145,17.87620262392578,19.255100074495413,19.324682118106136,20.50544888307092,20.539849755460757,21.69942384273014,22.134773129596727,22.36543375977785,24.7609068711654,22.807297440781,26.089064108398013,23.45514310132475,26.99624236980914,23.11771660767864,26.680684411943037,24.245617041312627,26.838686028947784,25.154597637049385,27.52352191309064,24.17164567147171,26.46721315670501,16.725979573301743,18.141351353374983
ball,11.0,0.0206244629046118,2.0,0.47712125471966244,toys,19.634238537882077,21.274070133005782,31.555334621477428,23.238395998149525,29.191825882238614,24.917444438653167,27.856494777186896,23.302529478938105,25.339149991928185,23.20338095368976,25.52459518366041,24.570686553890127,27.204540037341133,24.70052642805855,27.28485126768581,26.96980096604455,28.82454099623401,28.482033869002365,29.836412974223524,29.06993093418598,27.68345572711719,28.939695440760485,25.64427240547204,27.242471073059093,24.6058337079049,26.91592514553139,25.28089585432281,21.79330254680797,24.850136284536436,22.737946609296703,25.73647185546435,24.2880459455482,26.72414634998701,25.69159817834451,27.14411779350965,27.21088779225905,26.68105770877122,28.946563751836592,26.425635129995246,29.546972371233483,26.39032083895336,29.796374864568357,25.699653948107983,29.21432169706615,25.1159287328319,28.27439779156516,25.35731391915676,28.24314600317348,24.760423934187497,27.381113420885075,19.51918001217664,21.164593144650656
balloon,19.0,0.0156115726152964,762.0,2.8825245379548803,toys,18.80100653287593,20.77725223263887,36.08353829648897,23.182117624640306,30.969885116290893,23.80886128190722,27.793178039846577,22.09580698146675,23.730059669572245,22.3041012027296,24.393289978825283,24.86156130526758,25.694541460524547,24.771547325796533,25.680947758588637,26.639361390520737,26.66051802760341,27.853040565189296,27.016856454351327,28.4602267226584,25.95282440826675,28.29252086873547,24.089705610654477,26.48605903892633,23.281082913133737,26.19626494014038,27.094495183957942,21.78582999326239,25.43998822213095,22.41982522392288,24.629051371786296,23.554928914710704,25.5821328624027,25.36609881670678,26.38805160973841,26.566645600656635,26.07581296963664,28.2016923634228,25.88498047376252,28.84785564421301,25.444558203662734,28.718568669971805,24.87526651793032,28.40490192504612,24.820691708088678,28.05581285233973,25.122806471819523,28.261174146505116,24.14706372544229,27.237096671880053,18.62544822947629,20.68737648127009
basket,26.0,0.0136064164995703,779.0,2.8920946026904804,household,19.502671973813836,21.925568096323,24.493811341571703,24.3816095262259,25.220951001425878,25.46924388022907,25.154906263940944,22.578511388679768,25.210809453311057,23.91636019041867,25.04043295506136,25.217669760495173,25.203132145734827,24.985675436334432,25.31444291557909,26.39019743394958,25.23252561229729,26.856642727826145,24.598973224850752,26.631696419765564,23.905121379520654,26.77284255139623,23.60705191815978,26.485156775334925,23.51295691964677,26.515509622304997,24.005200931530396,24.418765220194043,27.66528804925715,26.315494306000485,27.052648131045927,26.415542864777937,26.236508036183665,26.30256222773551,26.50500464413207,27.42436233138746,25.99395977244268,28.22235341103518,25.432561887999597,28.27045705180974,25.722244438439574,28.54300915481771,25.26146821878914,27.89312759525824,25.457858229952183,27.299998790985896,24.814845687225688,26.71014793088245,24.750833183237383,26.34981922196403,19.557350740688047,21.83736836885925
bed,21.0,0.0285018619306788,3.0,0.6020599913279624,furniture_rooms,18.82551633710385,21.82057397568447,23.078350310953475,23.842042181537327,23.60604525098331,25.14378290912351,22.57130152247368,22.45153029606873,23.86074805104339,26.220301783112788,24.607956587013565,27.99232137498986,23.867765141453543,26.70166815035881,24.584170427868493,28.62759047640918,24.41598196690021,28.80581787706257,23.679348128601784,27.94581999336477,23.43194971122777,27.916766323886183,23.32496186177649,27.72761274327917,22.74984541132412,26.764169646854796,22.754522327093355,24.441304529102343,24.29950513111584,26.61127212114589,23.7963152227266,26.5269673302624,23.893091561266484,27.207176945124264,24.04964726388538,27.95404668559119,24.00775566278887,28.609454754247515,23.91643666622632,28.49811492498889,23.59577086441137,27.568587816211537,23.327231513801664,26.80229763842374,22.791750738413004,25.951091589232448,22.52489045947375,25.588214207759965,22.48147356980478,25.38821889695806,18.61333773806654,21.738606376558767
bench,31.0,0.006158693784016,260.0,2.416640507338281,furniture_rooms,19.050903855858785,21.789613669750544,23.4655445139459,24.830332789450736,24.10707744052729,25.98916310242583,24.289991992797297,23.73753925783701,25.30305839013202,25.526994105787885,25.44357690970879,26.895314694081293,24.519135013966743,25.808434109418616,24.93447150285843,27.686467603540702,24.89302867281434,27.90670611421193,24.554323002514344,27.4442393648802,24.05370603771244,27.79891566363559,24.042121480073632,27.844746695526705,23.083896150405707,27.130378860409365,23.057088336364053,25.253945042462284,24.73780337048339,26.66436674228294,24.298678583543985,26.31632878102769,24.43981486678498,26.567731138822023,23.647085782700927,26.789962966728663,23.33441947621528,27.59476332756337,23.207505759929678,27.77582754030556,22.720286399646994,27.151966330004207,23.27718591324682,27.55821951139877,21.916717110192412,25.825355574853493,21.081934055916395,24.993798253852425,21.20707681778241,25.03994697453259,18.883612662388213,21.88225575259636
bird,18.0,0.0085935262102549,375.0,2.575187844927661,animals,19.08982353839708,21.43294175484296,25.638072764620777,22.328215128381967,25.951416669103097,24.5774537377429,24.709886705096174,22.07995552412585,23.13600912964144,22.23210745781483,24.44898243296816,24.5288135604334,25.31935238178959,23.97282559773259,25.839633583303296,26.42733245253272,27.21192941010421,28.296730342053834,27.346260181676392,29.16574314012409,26.33097056853493,29.57735040303525,25.79958420387388,28.75742906510508,23.615046124400525,26.710370835902257,26.04411640943029,23.43097839910226,25.800174072219143,24.19599895334776,25.80390302245676,25.417608273981102,25.885793119962727,26.027740950238584,25.83663532888798,26.61560981933587,25.14060098728771,27.50937383290672,23.86840465287953,27.20443163462072,22.586426266789523,26.060935722115666,21.76821462855425,25.461569477749528,21.681585405523148,24.885916704268663,21.332108897412063,24.334789098964315,21.01710480604351,23.81633930597331,18.92075712640893,21.218555109265463
blanket,22.0,0.0210541392151246,930.0,2.9689496809813427,household,18.508686960143763,21.52733643959071,26.22324752902984,25.230874563130868,26.278363737814328,26.06244793125291,25.27794766468063,23.97375210310025,26.0173850565964,27.2670836584611,25.811847311588824,28.640823201798423,25.110990514734425,27.69718646325928,25.30891911085026,29.152880890510552,24.763163177821585,28.77522435825353,23.686185265741575,27.50441359613918,23.084355475326152,27.11958574566269,22.64406174528185,26.60809854695621,22.18814511793761,25.979293079225293,26.133174702200517,27.017748203474092,28.27264317754352,29.3300925710841,27.836318245902703,29.975328455553548,26.7061518701408,29.814798606749253,26.890420772529517,30.740322854477867,27.18122073976013,31.715987136581425,27.61376421865776,32.1845147338498,27.019472453328515,31.395960789434668,25.8330252141946,29.8551786092628,24.182411539139768,27.88074080986721,23.859516817638102,27.50828545695742,23.746569272922745,27.205938285987067,18.33989130684957,21.223118675590975
book,16.0,0.0229160698940131,10163.0,4.007064656378332,toys,21.585951937032007,25.37780122509388,23.25479601056932,24.410624082757764,24.77592935242637,26.799729724245363,23.327942171242366,22.775760654078155,24.811421099372076,25.598376496834643,25.17728008459918,27.113170029271632,24.113841711840983,25.925481162279905,24.385659261767,27.235937182987406,23.38976218645292,26.535397536764485,23.428544714938603,26.587606555476302,24.473710557318817,28.63076089911726,24.575216641732037,28.246239391515484,24.725583591840365,29.303721113482744,22.197897250681063,24.49057104750884,22.820378036321515,25.578472296568616,22.623434865597257,25.20900636180817,23.76163363852144,26.210720460259875,23.426447653742063,26.63017466384453,23.62988663328439,27.496820879458628,22.8635605004254,26.983314848346957,21.50272684225245,25.55883960185305,21.0337428754233,25.11857725603357,19.962653737238885,23.656923040474208,20.03515503430745,23.75459693754388,19.785314861577582,23.12298909672724,21.28176007284372,25.13144628352101
bottle,20.0,0.0292179891148668,1403.0,3.1473671077937864,household,18.348410534089663,20.6040223178446,26.08758176568824,21.94973537966891,25.597691871499208,23.836368602570214,24.169359591158116,21.207112345867294,22.98490902214592,21.572392056806905,23.198261696153736,23.026438860129865,23.878079112565302,22.694148497814485,24.15550997055664,25.001126985725342,25.44851867525731,26.55625663433158,26.766834848717505,27.72871476327694,24.82448467267157,27.17206810271497,23.097535448042745,25.627548448888074,22.82484042409723,25.74724236691931,22.586633484065988,21.64487743411002,22.50654395510919,22.29758468739202,23.01460487255421,23.520904809032828,23.4992273324134,24.294601258258503,23.65638795255756,25.223699198973,23.35384705913696,26.610035129986983,22.886314611586148,26.766893024855573,22.494728265440894,26.620788968621035,21.31330132254988,25.344299646043936,22.508552877036077,26.06799448346065,22.900797909336035,26.25865098774128,21.992370069012917,25.0041418729592,18.470783176034445,20.769110249746177
bowl,23.0,0.0363792609567459,1206.0,3.081707270097349,household,19.33583046459093,21.704647450563588,25.968218696315265,22.67555338865357,25.69845761338721,24.58902354120272,24.30213264059204,21.705393881001797,23.376376697703336,22.326653308417743,23.92590989566363,23.985322200064694,24.643116667206765,23.9744404861934,24.9821827136081,26.06186986020434,24.98234931365843,26.53615873711712,24.686228058304422,26.44477919002081,23.782683418754985,26.223929331200694,22.867038023752777,25.42512280441573,22.98439185314508,25.873927120892528,24.050829873321536,22.97015500644457,23.553175362619,23.51401636093765,23.674300917779565,24.392651799364,24.438402638113637,25.050482866615024,24.511684142155005,26.002423232592378,24.730288286736894,27.765963949110517,25.1223857508142,28.63530899191162,25.18781399143254,28.848917132907363,24.714843063930388,28.222133099792348,23.258786949815278,26.62124498273278,23.02759740250217,26.512191623008224,23.28145723763492,26.66948011983666,19.192600793942223,21.49391391752949
box,23.0,0.0264967058149527,1.0,0.3010299956639812,household,20.321209157730028,23.46097316306284,22.82596678973623,22.02599818762994,23.34264578965438,24.04032373072497,22.56414799292352,21.516423152008304,23.1302694358454,23.153389374044888,23.906555455066087,25.105266064269063,23.59612881074819,24.766820902362472,23.802195993872797,26.292438604218304,23.616920353606687,26.60155048181481,22.969324925381542,26.032252772450725,22.995424462547263,26.846486435027305,23.78062402808922,27.36273861438613,24.18899904141359,28.37724081812512,21.264624467826756,22.02768368909435,21.706833577206435,22.89348044498988,22.009483857409343,23.9611238509092,23.406185853519197,25.395484059794008,23.22757679981647,26.12971465017905,22.918715479652203,27.02306432057738,22.373742258128388,26.93496667136459,22.13999024437781,26.512007288078877,23.44113246082315,27.606751240993148,22.51238249048657,26.00179578878642,22.180437557328787,25.59237466293923,22.23269130292344,25.36924116576082,20.04534421069928,23.252235981129424
bucket,27.0,0.0158980234889716,362.0,2.5599066250361124,household,19.96557674487559,22.84980325220113,29.5145647011229,25.38000481733057,28.04447358967184,26.251005663070387,27.024023779745605,24.64366415841584,25.448835252607573,25.31001354756162,25.2332671824432,26.267447703642336,25.492239572813077,25.537944511972,25.629989162667165,27.27564105880104,25.78732621144732,27.809333934551297,25.79097922605992,28.25288589552429,24.77667976252549,28.10466363509637,24.022999328581832,27.366999008169305,23.97752603978225,27.75693668038265,25.10580643405157,23.590041354612502,24.76514961178356,24.677761016879963,24.709536430083443,25.62954809111229,25.344764634362928,26.779416995868186,25.73607627855238,28.219408973806136,25.51017318547336,29.398863055904688,24.949532087498117,29.424716249573414,24.57713269125678,29.05525349492579,23.762582140860605,28.1119650060626,22.615439796681464,26.948544241048527,22.969990493460376,27.132426712234228,22.598196813651622,26.609598295642563,19.76695115246059,22.751433961013987
butterfly,24.0,0.010598682325981,871.0,2.940516484932567,animals,16.938958449698045,17.535200448530173,24.48073340111038,20.53499367548801,24.716319830487706,22.64183411239523,23.237283994424423,19.477932208930014,22.322463671181925,19.913513592484367,22.83920582366665,21.80112771516978,23.91447768597496,21.93323847507673,24.209471802842817,23.926165519347823,24.84653322677373,24.724663045686928,25.12143817897461,25.235713921742647,24.16350277728096,25.38303546131024,23.50311427889289,23.842087155731942,21.865350049985405,22.663475658460587,23.77536233953476,20.713783599911466,23.42074704098104,21.687869663535544,23.669427147273744,22.489460338171487,23.76560556741434,22.783274891048613,23.855729339153942,23.32071668331827,23.36359967273735,24.273382446771745,22.88718250902605,24.0583401214588,23.380263272159763,24.114655897195327,22.056694248611,22.886786831675572,21.80425131180001,21.367962542444847,21.954353979313247,21.09250462652916,22.08810070638998,20.67888482927693,17.064050199383725,17.656787282210423
can,28.0,0.0074477227155542,8.0,0.9542425094393249,household,17.61376282451419,19.705659668252387,22.52771126480173,21.01835965974932,22.66903472325277,22.82930970125824,22.04345489095692,21.062701958064427,22.580351203452057,23.253949970743317,24.093529581924077,25.74187147990349,24.061943900699376,24.96223279666232,24.70610095412393,27.47942743422697,25.012020228724165,27.756866876145367,25.16734713371149,27.82201381125414,23.50154527058893,26.731963918302885,21.94244623991896,24.996670112369653,21.48219828108266,24.52079472176477,23.36773092066772,22.56303446362537,23.45539683562941,23.618447835612727,24.14195072035675,25.51284285707445,25.341024404116297,27.63099028039453,24.96695193650872,27.796315569556945,24.692202269784207,28.59630845574703,24.34096139884002,28.50050686945779,23.43653935890137,27.12576198860572,22.77664922861424,26.42168183028341,21.598190835551847,24.962402117576044,21.23601729432268,24.43087175311721,21.238319721437264,24.19052516021621,17.438689895924167,19.714445631977192
car,18.0,0.0098825551417931,7004.0,3.8454081396217936,vehicles,19.176807124862325,21.35406754137348,25.523733178493263,22.39698122224198,26.160744126362182,24.52813138876175,26.804098342400515,24.016660022062723,27.45078690518942,24.279436313007807,27.349743111741518,25.072669380561344,27.522489179509453,23.810927509162568,27.30670663752548,26.457336489663817,27.62907649255489,27.491851687856016,28.55315623875934,28.42770495815624,27.22638648770786,28.715609135599,25.552811189759428,27.35845019590217,23.742094922585807,26.3499995965321,22.85212121633432,21.86129950727652,25.88147267678023,25.10322150237099,27.72430887666755,26.47049501280674,27.8296561333446,26.78319787632642,27.18661050962284,27.085689743228023,25.61693361719409,27.793269962002903,24.426968291245668,27.734124829391167,23.616047412029804,27.10429659025841,22.84617605363098,26.3543988586112,21.820563633654675,25.52511310747888,22.020616013538355,25.690957350288738,22.23290852415217,25.561643429367408,19.272828279081008,21.428113077624214
cat,18.0,0.0100257805786307,134.0,2.130333768495006,animals,17.374363743992728,18.902254868502432,17.158612604166972,16.820315002563643,18.483588625503657,19.34990715597696,18.144429790129667,17.22983471616731,19.615402613521777,20.113632697931813,22.15918646900435,23.263491063274078,22.86868532564742,22.76047048925449,24.2666040650549,25.675520530121197,24.59842053330832,26.491994116850044,24.856412556338995,26.98763734689664,24.675843880653865,27.23262582419701,23.62058115233404,25.585732356181616,21.53567651758194,23.72765060690212,17.433819563997822,18.06347982520378,18.694516446744053,19.43390991598608,20.360515963518232,21.954553092983915,21.842234465721944,23.871998615010604,22.091143120685125,24.75799185258975,22.83467220623665,26.71086416754836,22.597676322733427,26.95944581321693,21.57914483381532,25.699579870543506,20.97511145457761,24.58511717587284,20.52502588795126,23.865251799647265,21.143723790449616,24.146268057827204,21.566025162906406,23.98702582898569,17.31902349957382,18.8259418569006
chair,22.0,0.058292752792896,4056.0,3.6082050077043264,furniture_rooms,18.78883983517955,20.82639362209201,23.014583380808823,22.61998486660843,23.576580706899303,24.15267811635497,23.63906305970093,21.960981663004272,24.863995627388014,24.19087290086969,25.415754072862004,25.876890650650097,24.53012507770201,24.72539628602035,25.19910523993378,26.713403118499325,25.04086061087559,26.67191341606985,24.64203358350227,26.81259059710033,24.10002473531703,27.011605850892654,23.91860975943436,26.86591349190153,23.214030310200197,26.283784490143155,21.32345786149563,22.35048528025393,22.33874198442232,23.66129946190692,23.36509388700897,24.568662399113837,24.26921730657995,25.49409296455132,23.47632672223727,25.888025949446977,22.833025110967537,26.47990903473269,22.296916252512293,26.334041727422576,21.821527135583576,25.66616853761704,22.66140003894751,26.23877032237645,21.39440113956249,24.496440839717952,20.49736975796113,23.649112302627262,20.83949757526876,23.68302959737117,18.60598990331872,20.77841143472084
clock,25.0,0.011314809510169,666.0,2.824125833916549,household,15.68319257653264,15.084993902922053,22.647798762680114,17.44436536665563,23.84253755163605,20.23185892456244,22.31206771563969,16.965549363595404,21.691628130203945,17.056330952176424,21.832029813437654,18.36658864168208,22.27743233076948,18.26791772490153,23.05220138911221,20.697992407071563,24.48073539152613,22.020798150087845,26.285527425571328,23.44010056476072,25.738944137860305,24.19042886429223,23.739285722231923,22.50967746732154,21.032173979752983,20.31402646913808,24.70224432292916,20.163601405799923,25.80322696809079,21.262216826414623,25.047794163917576,21.746802853253744,24.442841459728125,21.539858598847857,24.42116211419289,22.019659416052267,23.64965772362473,22.537979374895123,23.05614568510571,22.64268416932373,23.014274722293347,22.70266275574497,22.95074499226352,22.374638881796763,21.038976055358503,20.39779407261243,20.700783022454424,20.116883969126807,21.32666592754861,20.38882364886897,15.992928474200388,15.327962423768588
closet,27.0,0.0103122314523059,446.0,2.6503075231319366,furniture_rooms,18.0063344982862,20.029205628160497,27.104674273564605,25.24433095196085,26.737485655361905,25.594626615994464,25.97411106379629,22.45899755407365,25.130387167471,25.186824437557892,25.35412576750658,26.906605629319376,24.396164728833323,26.305701585738444,25.246194026466185,28.11922673516445,24.788615254603336,28.026535280560083,24.109868346682305,27.317164309426012,24.18770157339189,27.51401547556223,22.548828578043924,25.51411236357913,21.829479311408537,24.491237161712387,30.952255060788783,28.80853626229209,30.936490077416888,30.095950618547743,28.375633303423573,28.74009425919514,27.01458325373803,28.21374112005563,26.137099863215862,27.775520313569785,25.704275955197517,27.918056503617027,24.88716258595768,26.993543113105797,24.054301278662003,25.651575395576486,24.1209715925708,25.08890524851445,21.964034681478296,23.362357566623032,21.395377297565425,22.93862023528513,21.8096771625616,23.027078231162903,17.826210162739493,19.900267707030377
couch,25.0,0.0491263248352907,519.0,2.716003343634799,furniture_rooms,17.865023493567026,20.361312508907037,20.10659975194082,20.51341671747292,20.605346044728662,21.74460774819578,20.408773267341328,19.52608134436443,22.41162743082305,23.40190693986748,23.842507860239618,26.00799232612641,22.948612655947773,24.81699230517649,24.15134338561324,27.143791375806227,23.97409353007917,27.4282330680124,23.104138103827083,26.591545594970903,22.95106603780581,26.987411832396905,22.996201516811528,26.78458702044166,22.213045305208976,25.859911943819235,19.79383820487919,20.694328443970875,21.520136474905712,22.75037058575824,22.0215857926476,24.12625498287392,23.069370928333505,25.508093695598795,22.819085581143376,26.057281096418038,22.704747877219507,26.624462318791625,22.32360451815014,26.41212751258073,21.39966608217789,25.24541794457214,21.33899090819884,24.518544248888777,20.63741069797944,23.576002916835904,20.588242449459543,23.52609134311867,20.87901172050544,23.48170607124713,17.62958547138427,20.13663259706505
cracker,21.0,0.0018619306788885,470.0,2.673020907128896,food_drink,16.966667448206785,18.865109480351872,19.83861115667824,19.923384793423857,20.953850946549597,22.244007289976505,17.04760311226792,16.46297194224033,18.282917080187087,18.636548160106507,20.20712964479916,21.599593644534888,20.34636383393861,21.177378908256404,21.338067919221192,23.09268759390455,21.22975474142043,23.27025952702598,21.12326468854946,23.14500469508606,21.479558709280816,23.884436674580467,20.21934380953268,22.550073555943055,21.23724460468499,23.94213697170568,21.41658252651866,21.333091447476637,20.50255007575521,21.116860500946004,21.074219210855123,22.08860492035091,21.744814233602145,23.184369475380425,22.55100688650747,24.577256785736346,23.41267987389232,26.36890697593572,23.40299206669076,26.753609456063813,23.758422858405936,26.726095490890483,22.13051717962474,24.924797107266844,20.513123847898,23.106081812534395,21.37880885820399,23.87880717970136,21.55896418370445,24.01075155157553,16.954575078647597,18.94356037735653
crib,26.0,0.009596104268118,292.0,2.4668676203541096,furniture_rooms,18.93998599775899,22.165250441396324,25.3533274652534,27.303780205478,25.236112841909325,27.25317421763127,24.687997379317647,25.06185815218543,26.057669674637847,28.06399711500189,26.166281360073803,29.23139337755235,24.139641243315346,27.289453923627683,24.26127355582088,28.21445846680689,23.83135210915048,27.85122360722097,22.994083016739317,27.11996956651893,22.75236666794425,27.28562728035818,23.174308536695047,27.62388785846147,22.7516297945216,26.93884529777316,24.064799372185053,26.51726580441938,26.521740382164108,28.79251677196845,26.19795085582208,29.183706731305406,25.88672744821194,29.333963506382812,24.76385303715068,28.843162329487484,23.874288748459108,28.18453322189062,23.365999872656747,27.68269862625844,22.413335129479563,26.54654330027949,23.170913262540036,26.967114138753637,21.273906892898783,24.836601183309007,20.63458551799584,24.254530479541224,20.861909960859727,24.31626556627381,18.684074801287316,21.96724097846725
cup,21.0,0.0393869951303351,3.0,0.6020599913279624,household,19.239413921999653,21.06558283329661,26.203571504882763,22.675689068955705,26.241635473658437,25.2579372819109,24.182333428047816,21.91142687507572,22.99482260359986,22.37193619256149,23.77690435182781,23.84127854326439,24.566810059432235,23.41887040473341,25.00590829840285,25.5591426019612,25.267895282650095,26.05143331305305,25.52035951259028,26.41878492223161,24.272540149202023,26.261315560146603,23.18845644048433,25.42320423689475,23.162273722180892,25.801436188381377,23.01544371974624,22.543108497280883,22.636544878747426,23.019369192786744,23.06876218860434,24.13122592588418,24.04028114339335,25.013613964985467,24.27790645047784,26.0635451576943,24.257614261000107,27.606443823530945,23.83469367485783,27.8372702143328,23.709942350757856,27.572427449820783,23.56992836032065,27.116414744462205,23.98584044511225,26.474927079074607,23.98974519258095,26.55691871517192,23.474076403850848,26.081228190827847,19.025704171151997,20.92817028137922
dish,28.0,0.0094528788312804,334.0,2.525044807036845,household,20.22335846845806,22.333908802717986,26.22711644761495,22.801552094269628,26.51186629125171,25.07384942767053,24.06118700133434,21.512842948050142,22.968510756186607,23.165043753301976,23.55201614683299,25.24433876126523,23.17026978351901,24.726301349180357,23.641770183416384,26.21009906644283,23.66412026345124,26.529392493225597,22.564162957770485,25.32278969290589,23.18131453309531,26.034181853085254,22.94050562968827,25.633255947568745,23.97638882368289,26.80124849452012,26.625835376052727,24.187692603096018,25.433989172425925,24.249266760249217,24.84119143369493,25.04065438791541,24.80200090880516,25.70914366235762,25.044025935513087,26.53340444096702,25.75217685218588,28.10597071524992,26.211916348291737,28.704194428419477,26.123450351573688,28.57270295939664,25.648052350929383,28.044430146622933,23.394028447203365,25.96125019117853,23.36577252682539,26.182314721855604,24.032964306860865,26.872856371084023,19.94312423589471,22.166948283782084
dog,14.0,0.0110283586364938,43.0,1.6434526764861874,animals,19.4959324575254,21.98442273108412,21.41412244261166,20.041771853068543,22.343496633764268,22.27881263539278,21.45401127243332,19.531615474116045,22.742586291267635,22.236060828921463,24.579548027333846,25.372092646373773,24.90317000114008,25.214010522489804,25.40341936911915,27.55383368317804,26.01201857728222,28.58470853644613,26.11963268528827,28.8161049263334,26.01400990147144,29.4054516249257,25.292940815684897,28.43769043463778,23.82204456045261,27.12348232235592,20.844301196226247,20.25010576018567,21.54073863227362,21.47350227413872,22.60419048966898,23.553121243567023,23.48648562085123,24.73080067836864,23.805124892871483,25.86034252608059,24.585217319012923,28.01991143450268,23.829044439564434,27.94785566647303,22.42026445622124,26.409279195144794,21.82603135750354,25.645674061218592,22.402946541994822,25.656438620846032,22.693329746843222,25.84697774299705,22.918269680125903,25.6826353417624,19.39178697817324,21.8944475499721
doll,23.0,0.011314809510169,1017.0,3.00774777800074,toys,20.002272292795062,22.906686236250685,22.34812129489601,22.48204393808177,23.31454675389366,24.711702915164853,20.99958049544428,20.14106201696767,22.00100475760822,22.502016824745493,22.783788794009737,24.359336137349786,22.62796585459596,23.96284796407674,23.40656230403878,26.2156062522222,23.981487178762915,27.10921786417517,24.290473098589363,27.89713444524718,25.227225190770564,29.549502475142692,27.401604679720176,31.17074533533841,25.539722545778737,29.216120611622,21.008526549577635,21.96858572684219,20.764872644521407,22.13698619846988,21.318075569071837,23.119691212188616,21.813342895193248,23.93565547567975,21.99685852195685,24.90946247806017,22.893735014954345,26.80505099012272,22.07018001264293,26.30956998409213,20.92680662739065,25.10237828877876,21.56913604895794,25.21604546048884,22.74553084793676,26.272003690342643,23.109157261987487,26.222469952523195,22.37831278329312,25.314524732286035,19.70367218095543,22.52222326525988
door,21.0,0.0297908908622171,3340.0,3.523876475638131,furniture_rooms,15.875370984370136,16.948552199377538,25.693336997843787,21.06951364524676,24.929637706460284,22.148824558855345,23.12302510043082,19.94688664265487,23.41208923933678,23.237310132005756,24.0873173197842,25.283063567232027,22.795780005496542,24.85343823766342,23.93020102120968,26.641287954082216,23.43916883259508,26.345485971036165,22.765502462948128,25.65272911471977,22.43594949540841,25.59812886469524,20.048324310978728,22.217875555914183,19.469387648974767,21.368431250020397,29.31138264359118,24.125827292619185,29.577562051978752,26.374240966527346,27.78334897077375,27.498663835387315,27.40414664591241,28.177324799674047,26.546902162036037,27.78873802588694,25.682869458379358,27.92284722215765,24.413142538967,26.69850711587401,23.81457483363457,25.819383333534997,23.659649170120428,25.06302111007724,21.28885165113815,21.72986769225213,21.53812451724697,21.82157377739802,21.738679565269127,21.82019078353129,15.76588011035631,17.063812551165185
drawer,28.0,0.0151818963047837,352.0,2.5477747053878224,furniture_rooms,16.87428350549901,18.130932850270828,23.24819949264803,19.440233869131564,22.947107581371156,20.95413875358503,21.52722469905627,18.44768135288796,21.59489789201653,20.27751170468897,22.805351427944903,22.97204317260525,22.14147134489708,22.335109682039477,23.221766522984304,24.609721620305063,23.377246411820646,25.05477251206138,23.732153003672185,25.537363905564558,23.02701961707938,25.220779847418783,20.882257324619257,22.39909063627699,20.814541402816943,22.54418016554252,24.872784591453883,21.1534682606374,25.513018282014656,22.533460778418476,24.11802333140936,23.38359857386501,25.24779738054226,24.813591391590343,24.171474329064942,24.83225203481563,23.446508386259005,25.768521714698945,22.680410283919556,25.407420559968017,22.616329371827305,25.48432461228712,22.01872238877445,24.68555020486433,20.373484760275023,22.546416260880576,19.86823849336865,21.87599526518536,19.90784318323277,21.65250116895468,16.97661196749577,18.26787028500942
dress,26.0,0.0094528788312804,1012.0,3.0056094453602804,clothing,18.58078942938641,21.153520905659853,27.79929887050859,27.055491127163684,27.38715520558626,27.594573228895808,26.58940104358926,24.8047788178641,27.03617164259546,27.74713280689035,26.18830788834045,28.858755034716584,25.146809947857623,27.493661135039787,25.208512328821943,28.52530915539873,24.707889774871564,28.137993283102507,24.649590021895445,28.085306318192288,24.189949311337863,28.10767258223743,23.234987196602837,26.883210712314924,23.100833249327376,26.65651286769417,26.22080100691395,27.208185648267538,27.36189859358589,28.6125844592251,27.393308874752677,28.988283900218672,26.40122649278335,29.030606174133396,26.419126990590268,29.49307887374936,27.18084016603271,30.937974034616097,26.51735781013833,30.60485095052338,25.91013810129717,29.62159897431229,24.35854592880553,27.59842193928549,23.37818690824289,26.63041255222628,23.265054079869596,26.52257872584417,22.61368320276509,25.519784201035865,18.512560525939897,21.1898666958656
flower,22.0,0.0117444858206817,8.0,0.9542425094393249,outside,17.405814598399623,18.33347814761117,23.73282451629467,20.835806209066615,24.086037236547288,23.1392826815974,22.450480206317025,19.532490077767285,22.159259441060264,19.46785825545568,23.154082899120592,21.214061348939268,24.88553546836663,21.62165344679156,25.257274406734915,23.940024821499968,26.512393583562258,25.315857941452343,27.26975299319573,25.96138566771885,25.75725160252045,26.13005403193521,22.723894380118967,23.634230491359528,21.703093379842777,23.01837809016584,22.07389125988954,20.7210515031441,21.91757953920257,21.10749322351759,23.08206392762164,22.085237328433827,23.798047208135504,22.494529202005925,24.27615173578392,23.473467176664585,23.90830585447589,25.013046065154843,23.05112720390056,25.04146552120912,23.235721613857187,25.349454890523088,23.4670124614156,25.341405454782198,22.692146537550308,24.1749711278074,22.383004430502453,24.12139018644516,22.30303390274243,23.77011767126192,17.433609555340933,18.310995152264244
fork,23.0,0.0101690060154683,632.0,2.801403710017355,household,17.635014653067664,19.37177216484,24.374125399894428,21.96041444430459,25.1109695962048,25.095582529759472,23.85354269871597,22.66940956945328,22.80542884228394,22.752423351230515,23.47642313505321,24.47867652513977,23.898240671282117,23.551550227619835,24.52683270727938,25.93617783910186,25.28950649824406,26.797865324810218,26.397263817074137,27.797419721948263,24.474609733512477,26.87071114695408,22.877249587656458,25.477188135048998,22.17204986294177,24.534705098784777,24.55725940073084,22.61180871022701,24.831551586721304,24.468931446715604,25.469288085416544,26.00118581292392,25.86814882771803,26.93421681958097,25.396626716701963,27.30538970579054,24.44336108958977,27.921318913526964,23.6578383901077,27.642429194844333,23.188418431197984,27.50135177166326,21.95807321578368,26.3623777383654,22.295748795992207,25.519355738051264,21.461809021506795,24.46493893467069,21.658602598248915,23.95747997873969,17.470627733661512,19.2046701141651
glass,27.0,0.0083070753365797,801.0,2.9041743682841634,household,18.3807594541646,21.068966322182984,23.200717451695706,23.15307791556411,24.06396561594128,25.19297582422233,22.06594317080281,21.095880307657275,22.35015188645373,22.905304528213826,23.971325906089294,25.43219098764517,23.94229661390221,25.02270351795866,24.560977551513705,27.259413007317185,24.52102324050445,27.711642894804687,24.23781949674283,27.71940607342129,23.73148883626363,27.52573909920208,22.78296988245743,26.53108614529869,22.423575885737726,26.04530604899656,23.0382700410649,23.40594451348156,22.65709074535396,23.67275722167445,22.4361585352302,24.22380719604904,23.03696813180652,24.966816456876465,23.11439980426072,25.8369801459249,23.37273147412241,27.389000355495035,23.395503551463896,27.72141444599506,23.10738809109198,27.111060417852105,21.76016811166552,25.601641753379862,21.26843434202209,24.60325992097351,21.725769601682916,24.65428934921987,21.707490722474784,24.32647810726471,18.367335283375848,21.113011186201614
grass,24.0,0.0071612718418791,2.0,0.47712125471966244,outside,17.97893139117739,19.52412700109281,27.50272875173916,32.086814684942624,23.18391328313672,23.68878679507626,20.69595044480484,18.629917684929868,22.780755290166343,23.10347096146092,23.28275979479591,25.2608004430843,23.305642528518195,25.40348642783797,23.533597800829146,26.69341482356836,23.59523749277276,26.310011370808795,22.649032265662623,25.091092152705823,22.98805015946908,25.53488049526048,22.115020957686312,24.13399057360708,21.749248056133585,23.848415869680284,33.29998120213104,37.79445533400311,25.9720789402844,27.767134287819918,24.61851710774951,25.45130221583916,22.27780818750569,24.027765526765894,23.01128798000022,24.69206785956495,26.693498454560466,27.94166978659081,27.53442830656641,28.34801653461105,25.433744973694026,25.666692821692024,22.73827948781035,22.826435400932574,22.16105771279909,21.83296945288531,22.10859361996558,22.103355763063725,21.67206572779271,21.787643633330458,17.879143754883586,19.42580165728157
hat,19.0,0.0088799770839301,3399.0,3.531478917042255,clothing,19.15817773600206,21.83930032852337,24.34450566035828,20.734612641843515,24.233828950524487,22.93092102400175,23.836785014417263,20.945558140967456,22.024057110932716,20.657014019095797,22.38868146536981,22.683759137476887,23.10958461112685,22.480505583127208,23.52634269507068,24.783539629267185,24.883991185994944,26.418997705091307,26.524384044081,28.475110438219783,24.968350733551684,27.890248501708577,24.03498758044449,27.28400942556802,23.91558090109417,27.3769110947183,21.59413191662345,20.6210670725335,22.482764580478197,22.275997237007108,22.876448552899003,23.45705473132666,23.198167474997465,24.04371978543849,23.274989200091696,24.838538150740597,23.44005095646781,26.85383770766259,23.487207641649697,27.40902388499161,23.9867402169927,27.75795951442808,23.211273472801363,27.08078190588958,22.741531065531422,26.45788620774774,22.896998797611623,26.56203352515992,22.32282506707885,25.467414268319324,19.01984694244812,21.607579198719037
jacket,24.0,0.0085935262102549,468.0,2.6711728427150834,clothing,19.054418667574573,22.14085113663888,23.148145204592613,22.861248886353355,22.41141795243153,22.532048461277167,22.854870282688164,21.14054783256321,23.55457793390496,25.106552942008864,24.120315867488955,26.897091717126084,24.130556539617444,26.23503541291819,24.78853965996372,28.270746765120705,24.839627595485474,28.444990117367016,23.30761217346598,27.045537979529144,23.51886275030665,27.77024057185081,23.37913235445214,27.510052570454867,23.61056487563308,27.57803181896745,21.91120942855233,22.44784016702215,22.899527437134328,24.33872463539977,23.16726394733652,25.21684515640439,23.671615742103228,26.675496835118555,23.699466336108912,27.34053879219162,24.202193536954574,28.60999463240473,24.56573668041114,29.08537003274823,24.05088071890295,28.131994755366936,23.18218225983813,26.97621382738877,23.273568746327225,26.6815596280076,23.730185171487875,27.07221694998754,23.224306665276128,26.33188124998097,18.932725074833257,22.033285412078268
jar,30.0,0.0098825551417931,1.0,0.3010299956639812,household,18.751559866272405,21.29267425110078,22.83125514166573,21.85434960073227,23.23688958594832,23.69796833468928,21.241834375722675,20.299427991240503,20.764851684949253,20.561977756148163,21.350093148502715,22.38842229006621,21.90662481721601,22.237022610858528,22.80827303526862,24.552844526456507,23.566774610528068,25.221434620203127,23.294374861970145,25.207860824935462,22.626967001088914,25.650025973899485,22.78631573728304,25.84331833304577,22.48523837047051,25.974917532852373,19.91417235191953,20.956977709353023,20.10648330905868,21.389540066709674,20.462392496411397,22.148075156370496,21.06382300342557,22.777108482208863,21.42322159801544,23.921794722683547,22.18228423584168,25.89344111529051,22.030490231232463,26.02921943357821,22.335380574816288,26.383970942967373,21.663516951043853,25.568039561543728,22.27665640041324,25.73040637147458,22.14456956976468,25.642479391650976,21.96831158771922,25.352747034096865,18.602784671323143,21.265348495597625
jeans,28.0,0.0116012603838441,3.0,0.6020599913279624,clothing,17.386024168955565,19.74674522362576,19.90672991110424,19.97612044136834,20.393875837640763,21.26545811829965,20.09633208981487,18.79773422781223,22.393786858545297,23.569499732306856,23.25950445229296,26.287371000905505,22.866251139552823,25.88827417143477,23.80464297090546,27.930145456004865,23.303292219124245,27.371791682273223,23.195881160894658,27.21141223661848,23.98414719852595,28.046237237494346,22.54730039953396,26.04406126784636,21.81777809480912,25.13509156256478,19.849380378525574,20.82787008907,21.43399847614359,22.64094317557931,22.481100506075943,24.10023642391821,22.62787063086659,25.354522016768023,23.258245981946352,26.79320227218887,24.116334361976264,28.39690585904789,24.376921532680644,28.602492861045057,23.68164802944273,27.52077751019463,21.596576443081744,25.17184462676989,21.143357101197548,24.57925896183465,20.877922820442897,24.147335904121604,20.11688210535605,23.045709783233985,17.10368511810423,19.516168853107907
lamp,29.0,0.0508450300773417,128.0,2.110589710299249,household,18.89919378245597,20.005855255352788,26.346286176764515,21.11849771973576,26.010421426979484,22.190322669613945,26.44537977725228,21.514368987220813,25.99244674798885,23.782587761154712,26.154033315345888,25.69057375514547,25.777070890327096,24.865849218670917,26.428169555121045,26.764694406499054,26.70368921865021,27.411172805457163,26.474726154156286,27.943560773219765,25.28620886234032,27.20884785468749,24.014214371805423,25.813457883088745,23.163904102658517,24.86453099583268,35.611178744277446,25.81776502350292,32.906552965033704,26.63469891984418,30.509181462986408,26.781625236781643,30.530518055704395,28.261652847983218,29.668880084493225,28.223461887571453,29.49149223864572,29.218416791486938,28.640244763179755,28.99603440980714,28.034367045753196,28.877859590669736,25.80648456926463,26.878223104383206,23.03378158016882,24.24330923061933,22.39520169519968,23.402385515189497,22.577299082409382,23.17579235744672,18.92822777078431,20.07949370554525
napkin,26.0,0.0216270409624749,506.0,2.705007959333336,household,17.4761338408596,19.637878882637185,22.768349305115997,20.06145027127381,23.5742340689284,22.834311416756925,21.61076950324427,19.91758034067364,21.209839008806828,21.540047310525964,22.623325358617333,24.039258853721854,22.583346223385497,23.591469338271395,23.224390498490298,25.39606740948059,23.83789621836041,26.30809913121975,23.168515085453357,25.868595087489883,22.481101009301284,25.819129877054987,21.21758832890418,24.340267649609324,21.4871777045027,24.5825033923947,22.542870189218807,21.080490155351484,23.893647180572277,22.78461941995322,23.33479632272922,24.671876925391302,23.946288606501355,25.629759366347077,23.947948316415616,26.3608672461926,23.88065354274419,27.43604631300705,23.84600670505255,27.945838825636315,23.209236630692025,27.14699802435262,22.419779721937857,26.14777545830488,20.88762896469048,24.422986098248803,20.491143918931915,23.76641369854211,20.52785424642633,23.539116032907188,17.384198365498772,19.624742086545755
necklace,27.0,0.0111715840733314,265.0,2.424881636631067,clothing,16.700535185777625,18.74032692769909,25.16821865472546,19.754433195770524,24.945315954358275,21.972125682405483,22.86991648782284,19.43964924892989,22.197943593908825,21.371744252980463,22.573683702799528,23.3973381839556,22.904580876370183,23.294712371715743,24.00570502365108,25.826541796302312,24.123104661081676,26.13884727956844,24.59349993585477,27.0494199955384,23.54322886301748,26.49323336289536,21.586443136150347,24.256760607044672,21.607243528042066,24.362443968954185,22.60634345424709,19.77909354034748,24.987826025728893,22.027987725945938,23.246620266784024,23.588956080069643,24.12625328009105,25.27587020436664,24.42765261648773,26.32559985141645,25.115823478788496,28.352949798161895,24.57014196279065,28.236075082685865,24.76294501681511,28.37158706453195,22.2972904004742,25.35653219552576,21.37035405630101,24.194046518851,21.13996560959101,23.82691607852508,20.56658290076966,22.95387879691494,16.685365553419484,18.671399845366665
oven,27.0,0.0193354339730736,403.0,2.606381365110605,furniture_rooms,17.8718064479077,20.171373983070204,19.80968624206576,20.738841715637417,20.39167989135461,21.26576528076118,22.393390479575636,20.73937069473505,24.145789827824988,24.42975024568213,24.874778910718145,26.402906092605622,23.00175155778695,25.05681026957822,23.888084990990777,27.009807844586085,23.12347356499865,26.627629594006976,22.51644428752053,25.80375773827432,22.076036472096497,25.65278830159693,21.781813269380407,24.817667109271497,21.31447387001534,24.297601094929544,19.39283205494757,21.162050559549,23.08522489934801,23.946120930161836,23.15623739413424,24.504135527823266,24.126500358238903,25.79787604325619,22.68452251821408,25.56166426873062,22.024022703317502,25.79721529230046,21.701619916980626,25.476174610752764,21.08007880480339,24.739034248322493,21.867819741885285,24.898483165232516,21.57737054075946,24.02279272326384,21.135203749520603,23.55127628164769,21.898141609537017,24.202766007925515,17.587511543058653,19.878887438239325
pajamas,24.0,0.0120309366943569,484.0,2.6857417386022635,clothing,19.29370574934816,22.45732562404831,25.20120426573962,25.256798938567712,25.49999884672087,25.840371370703178,24.5203550256623,23.20304865474494,25.39172977587756,27.08607868485836,25.31730812829578,28.93238595717904,24.41071831551348,27.90344729934884,24.600574386756637,28.908711853709853,24.12792558015112,28.341958090732824,23.775365505366928,27.97536109977576,24.13120693163429,28.450744176984525,23.59226590619388,27.633225786528747,23.5595137843977,27.59297260726546,24.386152796410983,25.935102933513956,25.23054169258142,27.371310208829616,25.32994080182656,28.07040694690924,25.330839212225577,28.78473236725217,26.26268798624989,30.105445480817057,27.193081790727245,31.779653101046293,26.94021604106871,31.497278101732288,25.995288228904204,30.295477281672177,24.931470720885024,28.78981556337414,23.583524126568797,27.15346083141838,23.8237968113533,27.30639071085704,23.029973802817523,26.40693473826953,19.148867891006816,22.34109073189645
pants,23.0,0.0138928673732454,1331.0,3.1245042248342823,clothing,16.42409884006611,18.571288236405,17.662339353873907,16.609608918170903,18.04972853984898,17.75176722185783,18.760428332330285,17.156281053084093,20.940527601809357,22.573607919900105,22.121207504112963,25.59009264931946,21.432647301829697,24.779460311450404,23.27954313912486,27.49095307794209,23.20217384105203,27.34229301511764,23.361306111696983,27.35641219948745,23.500128675012533,27.52310480980574,22.28888158698556,25.76188708962252,21.061050351404504,24.022974708492185,16.73080222655096,16.86389032121241,20.024071604532576,19.7642402265268,21.076779056949093,22.47227309784357,22.55892946399544,25.249810161032485,22.98851621666057,26.41203359667169,24.13302785080114,28.391501069162,24.262555352465583,28.45175640466752,23.27396807205229,26.97013145275301,21.27060385326348,24.456270051416343,21.559797028909504,24.49132619995165,21.352957818079208,24.104097868210843,20.346195849785676,22.913101897548906,16.273946314922927,18.356279913714268
paper,24.0,0.0111715840733314,4.0,0.6989700043360189,household,19.449434427603663,21.37374352052729,22.93622166128529,20.679833089850856,23.800963288314684,23.088487438129487,22.656877070819256,20.514901977323916,23.18528020724824,23.44276334690594,24.68032752812943,25.76700908262289,25.17759758081066,25.248249299393983,25.77322483875976,27.068445620173755,25.31669681003202,27.316662845382115,25.052312550032703,27.29117247262893,25.35967720761525,28.32383392925849,23.82713110341221,26.44715750258915,23.45758582125485,26.138847079137506,25.68490087477684,22.53433476932799,26.384146881519676,24.430152385045304,25.3554483052756,25.725421010818017,26.216472755843117,27.201442981425444,25.964831925649285,27.783672247434144,25.88857114710063,28.921190301121595,25.15792853282624,28.96781450991638,23.977116735225515,27.322863157450985,22.95457811986933,26.141577554055868,20.819467880990896,23.728011366683877,20.34508663152097,23.050238345874668,20.2951087703625,22.77568860393456,19.108571015077317,21.034197905643317
pillow,23.0,0.0421082784302492,627.0,2.797959643737196,household,18.49135197651952,20.52302279332432,24.43146174851868,22.255159301062356,24.4303737413648,24.43173196223573,22.85399995773876,21.634810238259572,22.537674686209915,23.365425676884676,23.48584817338856,25.434556848074877,23.32202378879863,24.80551840329841,24.343906474415068,27.047717035398144,24.278632734878357,27.410924809168584,23.735351159241784,26.955947258724443,23.69139365593498,27.2289032276842,23.14983559765084,26.26100402109616,22.83490097382125,25.89240713946857,26.387330030124144,24.019498674406734,26.730561410155616,26.291215720306152,26.15539412103557,27.57828505867708,26.11739991875495,28.24862633543076,26.23672188951994,29.212003024130052,26.15521336926254,30.06411503003544,25.945958215861445,30.50773823982119,25.098662786956865,29.63628179587217,23.58073782790609,27.81746903639361,22.43353649058541,26.50939659474091,22.003713731781332,25.92513540259726,21.875248626671244,25.473452754643827,18.613284515543853,20.75250675113976
plant,27.0,0.0156115726152964,386.0,2.5877109650189114,household,18.013617048529532,19.036488375368688,21.59283755583421,20.36147849946018,22.11234515983112,21.787542309463344,21.686868060838705,18.67131780261713,23.71144851653792,20.04606943800352,23.563087224191104,21.342687338633844,24.53353955944632,21.07402750831949,24.982677130533904,23.69206463527464,26.211581117169118,24.79370943381701,26.72887614661885,25.6090249299817,25.53785228026948,25.95316691775405,23.78142113201518,24.42357884425174,22.698029172478453,24.14221478226134,20.70034366216045,20.596515218167973,21.83900099884508,21.600988243741067,24.011478192150395,22.736530602691836,23.35696877693636,22.36543069227113,22.93704173942352,22.780813672857,22.23264370168977,24.029946430406177,21.649105265254843,24.35470933375067,21.958886975480176,24.658752849372284,21.696226317790188,24.095098898833932,21.7292771129451,23.98772398974034,21.36541442133229,23.66097844005677,20.78124900883419,22.804371173350287,17.890103225578322,18.8144474260372
plate,25.0,0.0323689487252936,1305.0,3.115943176939055,household,19.24195436470695,19.745417383859763,21.73489672409656,18.42039068204094,22.92066484009345,21.39079369698168,22.37867215893517,18.445479047181937,22.609282954197397,19.74999221349542,24.09573865223384,21.788311247668947,25.62710029602788,21.56974401582553,25.421998252355365,23.453267968235263,25.75908472886041,24.13601806438741,26.105037933200904,24.04088516868433,25.12187112002332,24.599093367818178,24.41879149732349,24.284640891780477,24.241608201949926,24.937151722729137,22.60837863311407,19.715654725026504,24.15331873735204,21.77835903638081,25.248496221461718,23.57018917618609,26.54870082674686,24.72153653715739,26.01926826855317,25.155435463526747,25.023969780811058,26.09089057019091,24.85658531579719,26.466714387889414,24.513588285884623,26.186743755049232,23.76219018593197,25.492554965677574,22.730819063499197,24.13949269241994,23.11676239317954,24.58050063134617,23.84665655936108,24.86024045645055,19.253853463786903,19.781416438035084
pony,28.0,0.0081638498997421,335.0,2.526339277389844,animals,19.48622624226457,21.10467617618913,22.94498621495359,22.55493142787265,24.19769369642647,24.39765105033401,23.428726682003077,20.475061425687155,23.820827330984446,22.167791653152264,24.776543553571216,24.42377901600736,25.12741522885215,24.581596038440107,24.761249454546096,25.69532338146534,25.13181492954052,26.454341891026942,25.293289769693374,26.76314833396724,25.260626237069157,27.18890823151189,24.861842942512265,27.11006979820405,23.866395888015248,26.18884651997599,21.44096396444396,21.782297645354173,20.69745272096956,21.53863792888024,21.811991580412723,22.25255189750053,23.01715978746632,23.02605096787456,22.73373138167244,23.422106235745325,23.02832047522948,24.659570326988455,22.879246617126476,24.623236456442687,21.49811600758537,23.333871958911505,21.687366388696187,23.230689768021005,20.540877443588737,22.48237052356681,20.42740763661156,22.37920139238531,20.74650228945044,22.33916610996135,19.213812801976317,20.85997275880527
purse,26.0,0.0114580349470065,298.0,2.4756711883244296,household,19.28459793620796,21.5174334648366,22.612077359239027,21.39514529908657,23.032663277266973,23.076614451992544,22.41556151290296,21.03073023443999,23.26591363078457,23.691170166141323,23.87816364292281,25.474125751604312,23.631930736556463,24.778226277603277,24.355150675272505,26.664284442444387,24.16518378281307,26.80321954225644,23.814016818308847,26.76533795929368,23.16096029356308,26.69088912805542,23.00307537417399,26.02304480537784,23.122212315129623,26.188217562937336,20.74038976260898,21.20012298161129,21.99681373622455,22.812070841008943,22.39972603096956,24.215201689185296,23.2951750366947,25.34470757186945,23.020847997619693,25.80075773572389,22.847706266453297,26.449189687874718,22.46128648425057,26.51690111014276,22.03849959048209,25.963728007097497,21.66986370781811,25.5221206453766,22.58222511684287,25.314905833592277,22.23817746060708,24.936267074608452,22.17259697548837,24.667940579352937,18.93638779139467,21.2079474316236
refrigerator,26.0,0.0254941277570896,595.0,2.7752462597402365,furniture_rooms,19.001854346006045,21.528100252580288,22.425638083300715,24.06563514602787,23.183281800412978,25.482467469526853,23.47007334539108,22.224765845368,25.273494116370298,25.232792140161244,25.938514608648585,27.238990548327703,24.46354409614936,25.874097911938307,24.80018052672025,27.654647880917,24.1306858545844,27.58688560711491,23.35581324348489,26.86006786775751,23.784132240035103,27.65668928622791,23.215032894969436,26.65933285563326,22.55063530239689,25.938595976160222,22.42058787036178,24.15012381177297,24.200483702104965,25.52296544072748,24.19912406779216,25.67947640976304,24.65802830103988,26.298300121096965,23.23379498228937,25.79590140809428,22.475834386001083,25.890316532756163,21.584316731643565,25.05497780496254,20.92032432853004,24.117470016027745,20.870347146235908,23.70543824014911,20.138988068501074,22.96825958629477,19.50075343893708,22.454992364818537,19.655134323419265,22.44891178675049,18.60096402135593,21.339874979633876
rock,23.0,0.0045832139788026,847.0,2.9283958522567137,outside,18.84195503982796,21.3631492902401,25.017725120794555,26.009234829511456,24.164441501002315,24.19711082328261,22.782839661761415,20.304800030121356,23.457432918045317,22.54165350445012,23.378489935933853,24.18261572711689,22.92642251371501,23.770362585110124,24.199091592617894,26.318261779398465,24.233386922962072,26.799869531055432,23.329232480413744,25.96410386684267,23.29229307440211,26.66365375076912,22.86433847490684,26.21251020226812,22.485220741450075,25.97756239777187,25.89103893159717,27.35747947731047,26.559603436018108,26.95155155702721,25.5064483790734,25.89730919289141,23.098141384634832,24.48916283030584,22.510463103202213,24.834148483933607,22.599223959979525,25.861375171921487,23.361880052422407,27.255561751347948,23.813367425681275,27.68691311761389,23.59060366330173,27.295712290279766,22.75078706416264,26.210523870917804,21.955297028686456,25.23326091089645,22.50633083857261,25.833247493695545,18.75601736990172,21.40891040064041
scarf,31.0,0.0077341735892294,115.0,2.0644579892269186,clothing,18.708633836471915,21.80377332334816,23.34865202486411,23.654146595293284,23.36646542621162,24.08427063258525,23.4128523386119,22.17362838810104,24.143556939318835,25.15106897973534,24.487498698964,27.031043810872287,23.644477742666275,26.044743257040636,24.077163761993624,27.661755484805617,24.274679972216774,28.219707795270008,23.96369325291932,28.13070400800988,23.532308275060814,27.77356366218637,22.92197692229572,26.837358194516906,23.12318469442704,27.160324653715197,21.91083915948223,23.45796332475235,23.98269860314228,25.39337694415384,24.27627415747011,26.28720791801831,24.011656737704463,27.05238001583292,23.80868338917629,27.748371160537115,23.859562068591394,28.892013201287185,23.60448230396134,28.59944331402029,23.75800170271126,28.26743235330942,22.408835288745408,26.563155312670244,21.903094791545715,25.807107389760045,22.662567412146316,26.311829839403927,21.90403231105481,25.43083346699293,18.48049916406435,21.59390378899198
shirt,23.0,0.0186193067888857,1853.0,3.2681097298084785,clothing,19.45177032162948,22.4880404526626,25.407549142299477,23.42122669667825,24.88519032747885,24.549779894226592,24.303709756487454,22.458536334548505,24.00685454626094,25.68700731142022,23.941710131065,27.30264435040085,23.308843052953293,26.291260196327052,23.741420141028883,27.926711333749445,23.94275950513641,27.85178483445785,23.17015917857545,27.24718715963403,23.48249992170552,27.76078507533462,23.302736200800265,27.08952654425685,23.85435249308817,27.842142687100097,24.230805020602844,23.88251539425657,26.27790025917409,26.747982053056862,25.87756640694366,27.485264248320245,25.22596056688653,27.978124787289413,25.84051266422558,29.05178659317152,26.40773155698528,30.27786668345226,26.40838157864384,30.35601374307649,24.90183002090706,28.50139452985709,23.671261121834444,26.994562815256128,23.109643316726547,26.09787604108289,23.698107233045864,26.5186364281842,22.996807536953067,25.66302461321961,19.2935700624937,22.36244907286837
shoe,17.0,0.011314809510169,1126.0,3.0519239160461065,clothing,18.781183861519345,21.619309914180853,23.75474329889305,21.81787302374745,23.93167054461383,23.192713622360756,22.77930903311629,20.26157155021136,22.884294840663173,21.984734939466524,23.090181267766933,23.944814459308414,22.8641572782022,23.42322192415861,23.619431743425448,25.445615824531505,24.261150632851336,26.531311274759865,23.687955555005143,26.400991224873465,23.388161993125184,26.72171904230448,23.721949775798013,26.860180770321463,23.717696584823816,27.61687167465953,21.907042769026344,21.595637909818475,22.856667963954337,23.108983035681547,22.828020706527003,23.690647342349223,22.69076738727852,24.24719472463717,22.689762362018044,25.139163643288995,22.630472763690943,26.12970095423641,22.214768876184696,26.099321162076578,21.667259122847888,25.886651709110595,21.957154669046883,25.726432054401677,22.007405385392424,25.57830674940589,21.481719485907963,25.085858358928096,22.004946184612088,25.139327491987967,18.797759105046207,21.724976234521368
shorts,26.0,0.0136064164995703,157.0,2.1986570869544226,clothing,17.25033789681179,19.35325445005586,21.442915675660217,20.02167534654029,21.653618760279738,21.42881256943137,22.447622119086454,20.12276907142921,22.83131594207064,23.127393437037664,23.70982350033771,25.15215121145914,23.049037271197285,24.56970170461369,24.0678374741154,26.875793869576075,24.01512628794908,27.49686282592341,23.882970646414115,27.51917737931983,23.195175950640177,26.99738716043161,22.404475406283524,25.759646585674503,21.761614121272235,24.95916990012911,19.62758662118104,19.781329730511366,22.185702047827984,22.18253067104665,22.81429331732924,24.08184886353202,23.30249451902351,25.53529905387211,23.3016450368713,26.28139123018567,23.52807199887987,27.560640764658583,23.863829536387573,28.140696078762947,22.943468335932145,26.77229421728393,20.74497189806797,24.26793790416988,21.5374181760813,24.642273476848555,21.68589045595599,24.734032400350586,20.73237791910448,23.42807126382636,16.937955135646,19.12640593856586
shower,25.0,0.0097393297049556,346.0,2.5403294747908736,furniture_rooms,17.51791895200063,19.665076503476264,23.36667659333717,23.80835097690833,23.219590110280265,24.22321535226685,21.124613996102525,20.553122772502032,22.551787132428966,24.07390003648003,23.363721983917788,26.45775755678673,22.696210463299064,25.607823599329688,24.207713757925777,28.010728698465133,23.73459680042238,27.26831241118894,22.78938493731844,26.468761202096044,24.946257735016463,29.020672288051315,23.75374522930896,26.83076567818332,21.48682864991859,24.304041154780887,29.877020568920155,28.2961754502788,29.592239093630788,29.08942993258949,26.77946410852881,28.01288089133467,25.268948478186733,27.572237915370977,24.776502984126523,27.25426223838608,24.50436117788958,27.598531092790203,24.059329768279813,27.23977739158117,22.816569225294284,25.762889297524023,22.2896414114003,24.75285384361976,21.73152800246608,23.30442553636533,21.46400608969607,23.14194507345396,21.369815397634337,23.023867387755992,17.33440008243459,19.470527296971824
sink,26.0,0.0163276997994843,418.0,2.622214022966295,furniture_rooms,18.743079035596896,21.164836018676557,22.895521104168523,21.664967656240023,22.073246078539768,21.942124843195963,21.408619274710475,19.774485920719265,22.383882220026827,23.405023454370006,23.28263759498494,25.875542259455592,22.655198253704853,24.796706508010796,23.551175184067336,26.798131187396063,23.39436995370164,26.96564486488112,22.769293163208037,26.143502553909894,23.45083354992844,27.52326201279196,24.057634380677104,26.89543997148633,22.49650863088405,25.532677723163943,25.679708572507973,23.81014575972185,25.191654289818658,24.465958852449997,24.182697318183592,24.90573185923271,24.56889977232673,26.475301191373237,23.52141924159721,26.27891903108769,23.175936202149625,26.747052497805797,23.48250555072128,27.46331557488021,22.751928767585497,26.738093558405552,23.190111735746623,26.690030955425637,24.09987695145059,25.588854567196773,24.583892619401908,25.35008430821818,25.1362802046619,25.702680758469427,18.50431226829357,20.90051471625913
slide,24.0,0.0045832139788026,1240.0,3.09377178149873,outside,19.953564121825835,22.290799880447004,27.45830652523978,26.90947785562259,26.751017385972958,26.636463657403414,25.60063545820825,23.04629656516521,26.240065796040064,25.22734695943849,25.8323628912121,26.29085083168995,25.166101798706137,25.55635466228341,25.088815641838465,26.86551890988399,24.99901693934457,27.66604607773139,24.02551502720909,26.820206596144363,23.868856178201288,26.929898337185595,26.52192696115305,29.03496978621333,24.595388295232198,27.60333149929671,23.04056397239852,25.387136045580323,23.31431713813227,25.25748239105148,23.113413356809257,24.61953736913894,23.06689654056381,24.54417862139421,22.32165688469461,24.370593990042547,22.040078673121336,24.720754359090265,21.79410763035233,24.4046205881499,20.66644407097831,23.163288766464515,20.692109964694843,23.01066510812797,21.495440325456244,23.63273303834618,21.256129354232765,23.650261241227167,21.042661371514203,23.362751524709832,19.77468193611173,22.012703556499087
sock,21.0,0.0108851331996562,458.0,2.661812685537261,clothing,18.06375733795461,20.775854447274035,24.20720436105831,21.84552726080917,24.72449734459888,24.78995258634924,22.4187757279198,21.06907028329929,20.999376397788065,21.74752851332899,21.931814956006555,24.132496344347807,22.20195544695645,24.001860656493808,23.17351515964095,26.10764788396411,23.71783790584107,27.015423397664676,23.66547843663966,27.1975847695531,22.79584716458132,26.742308636803763,22.34726247883896,26.16015022591848,23.272932142729037,26.983399131668836,23.290683084668995,22.93471134422168,23.35343795144188,24.072171725145964,23.474181031461278,25.312611127176567,23.55571367713011,26.100219849179737,24.360954157593827,27.59197845706403,24.90111840963076,29.03547598802073,24.833049418976145,29.13583051527393,23.44048189182637,28.048779541912445,22.3883337573825,26.70224284134655,22.16355074089573,26.268888416694452,22.24884415581028,26.242137538046244,21.624183827768213,25.1897576915628,18.13731431755847,20.86599736340481
stick,25.0,0.0030077341735892,1625.0,3.2111205412580492,outside,19.90259671844532,22.966169178450983,30.35766208175845,27.05668489100126,29.52517813991617,26.19437963404833,29.578035340298943,23.57712479325557,28.47624386020541,25.82060955328833,27.737461504321764,28.14472146691785,27.40797318655608,27.648360316117817,26.93958960792669,29.071474150236423,26.874508671631965,29.637662266399143,26.39943350039932,29.367011538345118,26.16146819655844,29.856477553939584,25.282487731282902,29.282726451755774,24.49666991410054,28.621242405376293,31.655283687802807,28.756162313273563,31.317390463818786,29.05127994367431,30.1895946355473,28.58121743615891,28.109761208612053,28.37191687816074,27.862727341633168,28.824071351726523,28.214598223528597,30.393441247331832,27.79059868338377,29.93395304250389,27.46447622744317,29.474718526194977,25.994222881066392,27.4215368675842,25.145189269900648,26.61745416677305,24.74306655828179,26.32296765097904,24.70941130058848,25.831200266724377,19.777260814371186,22.929973036316795
stroller,25.0,0.0124606130048696,213.0,2.330413773349191,vehicles,18.281930465529054,20.166597101324975,19.332719776447576,20.58897639487456,19.421298009885856,20.602542973369896,19.233895044038665,17.02469886603379,21.100786454729366,20.354447899626475,21.92085575852024,22.52814470232812,21.130146413898466,21.691332837542188,21.90374963494937,23.73300656534963,22.494150634496343,24.62083356679149,22.151645779495556,24.38222439038154,21.59374634143778,24.477723094667795,22.900732629970665,25.664145016800425,22.63742736113081,25.327642935814985,18.046710308500817,19.80245465480207,18.74824577026561,20.37504942522397,19.572118922701005,20.90382163190029,20.1647540569176,21.47786225479783,19.170108497898585,21.209911471420483,19.048244029008007,21.585489794406676,18.06853644982928,20.864814971847903,17.308060558710665,19.8239255616723,17.576985236389465,20.226222390744923,19.360193925303182,21.75155600042196,19.21494484712918,21.39587148885168,19.030324269742824,20.954649645555183,18.114981214498275,20.16049481634941
sweater,26.0,0.0126038384417072,342.0,2.5352941200427703,clothing,18.316056452917703,21.066904157362444,23.203714034433187,22.72176679504824,22.845761711789745,23.003719808525144,22.69533883633764,20.746701719234117,23.515364659698328,25.11621607837369,23.989732471260933,27.340448133136924,23.572197706352327,26.536133203681857,24.633665599253487,28.64317688410307,24.575972862373597,28.17267952119012,23.52672815827412,27.19967880410959,23.682661882222693,27.707488981522523,23.171527672811056,26.840763113160733,22.550947530992275,26.081666845837585,22.22327707657205,22.86246199216603,24.82800048811115,25.298451903371014,24.49176166516148,26.07067316774274,23.86581150437825,26.78875620927974,24.566712689927822,27.782272323738724,25.51833583574661,29.338932208904986,25.623275272076462,29.393215915774658,23.86738073049512,27.38518451531659,22.19522151850883,25.57643992595732,21.04743202707271,24.45941426574497,21.60325892368767,24.92188935998669,21.057655967183496,24.1208980145787,18.171813014633837,20.918917136818305
swing,23.0,0.0012890289315382,637.0,2.8048206787211623,outside,20.737390507075837,24.085553483983198,25.96141962547556,30.374822403260698,23.976338420715127,25.732428126845097,24.925688461827413,21.65550481069832,26.255673148824528,25.08493418330537,25.56395679511825,25.918418813520656,24.774748951392457,25.2542531297503,24.62864078621828,26.496105791940074,24.144054712382022,26.70593514624391,24.09641867246268,26.942856344289847,23.93079995479351,27.80565591613261,27.030427701090694,31.05642234871466,26.47266793496639,30.88380469858557,26.235383270107288,30.762237242675024,23.772356858498167,27.21412875727325,22.736843098216315,24.8257475217613,21.94098656038199,24.25537346569553,20.987047105107557,23.94162952354657,21.201073361126586,24.609382600735888,20.97503669022979,24.260538736424436,19.508148168065816,22.44776721099229,19.019317912975875,21.807905238071093,19.145107330336742,22.21548730156808,19.43571896462244,22.71109551602605,19.120097918542385,22.211673395184523,20.746060677162813,24.174524136656096
table,24.0,0.0519908335720423,3746.0,3.573683693093798,furniture_rooms,20.346774812825878,22.999202034172832,23.7501852541086,23.300135931691077,23.742743671491127,24.23890220584271,21.93746052488621,20.365096660447925,23.06381046044962,23.75757407150521,23.759741949145795,25.46599747681876,23.60377910101221,24.82337316724691,24.288884459765256,26.690397742384327,23.497808780917417,26.261666003091968,22.848749894744504,25.541636293537028,23.601613356967015,26.99287252137384,24.92482025648793,28.41276779446259,24.86607518826576,28.34822351132631,23.1634146258151,24.028573580659373,23.17668248916789,24.499717001707683,22.74294040521915,24.53350262815073,23.036205853994517,25.29133250379657,23.30809653663098,25.950823817067057,23.635322189808846,26.907870998136577,23.812365253306982,27.0933674727572,23.096582067465,26.00220256138236,23.227816282992222,25.692927970280863,22.08765282550534,24.710492264712205,21.675499946760983,24.441407496157325,21.881362827549925,24.377969979608785,20.169786300043057,22.78764775564513
towel,24.0,0.0239186479518762,666.0,2.824125833916549,household,18.305573570724768,20.905115842562225,24.990856782955124,22.71341171560314,25.790904205866337,25.287679587233924,24.483211037268006,22.69889530384162,23.954312559893573,24.05165608108056,24.32521224700789,25.760025820982506,23.8384884682956,24.743438310525008,24.179254804403065,26.609628667156063,24.360028632414487,27.13884707172167,23.947224983362183,26.740006949455367,23.349386425790588,26.62611484045008,22.630473577002487,25.65218734779839,22.151843876715244,25.58160121193261,24.49562536590925,24.2155916631116,26.434793083451485,26.46767419333213,26.52056009439689,27.84632568605205,26.05858198063595,28.087547133399017,25.750624173181887,28.47265346898829,25.087318869962928,28.923074508439218,25.05971530291344,29.41095255352245,24.749960733246656,28.882454394694157,23.82433384198141,27.711580275268123,22.15767749614993,25.905182635799022,21.77220260629447,25.404948954202023,21.62814816807584,24.96215438882367,18.326960216251145,20.961951381391128
toy,22.0,0.0323689487252936,1707.0,3.232487866352986,toys,21.02310815539333,24.702908099922823,23.48603678895445,23.24660381268387,23.904186341646813,25.34145172916488,21.54578845685252,21.159464468926966,23.01642752945505,23.83615633419109,23.57711886567448,25.334791895121707,23.67401017211797,25.005013571817845,23.684313956953797,26.29801902081005,23.386380952354443,26.39776871850163,22.490571805103272,25.6215015082583,23.024584667373848,26.99367516479153,24.74795652943184,28.694745090256102,24.585300240602876,28.915933841986757,19.907391253002277,21.718583177541124,18.98955171381356,21.40884716474237,20.130942964313803,22.51800003003072,21.388612884182635,23.900528219792136,21.97101770309049,25.45822242999719,22.86096840837624,27.301380162856777,22.51068200591513,27.235230290080267,22.27398794626285,26.75012419650555,23.023132291389228,27.48516703818821,22.558420411113648,26.7030967901853,22.086428604598023,26.2733621217788,22.11225377305041,26.09452332298052,20.58724465511008,24.226815950697464
tray,32.0,0.0117444858206817,340.0,2.5327543789924976,household,21.322155056820883,25.045879061484527,24.689396884051423,24.24712239818056,25.40577693734304,26.20193593725369,23.80429107342899,22.77001088678439,24.512781852456392,24.873466252888495,24.9088200236969,26.16312906160862,24.92185030306296,25.68971115275458,25.355790609977596,27.478816082073863,24.714956043234004,27.30129668310708,23.943120569703105,26.77303082276797,23.836971245019704,27.45009333900704,24.4267013919366,28.56049964535835,25.273824604693463,29.779392403114365,23.251670909234324,24.34202677534492,23.47982157247445,25.152235664029018,23.587614104236103,25.392894911302136,24.42927211757742,26.142285808650968,24.361375471038023,27.143709818484982,24.723026218173302,28.844954927037925,24.48519461299977,28.954051387439414,24.19738151283112,28.543948537172614,23.6410634107214,27.998967156734032,22.115875022307108,26.29091560745592,22.09871150994853,26.330258595321844,22.32770664673376,26.383308638334803,21.18164697044123,24.78374445201377
tree,21.0,0.0084503007734173,2210.0,3.344588742578714,outside,20.015878109208384,22.16436702255338,26.69545701724095,31.22003273996905,24.221472571847656,25.25571976824246,24.084807003760645,21.929770425817363,25.535550881547444,26.06153879434487,26.08280960332369,27.810842727986824,26.317258904745803,27.87234527775561,26.383715861694,28.987592429289865,25.601632831354827,28.62614723797236,24.079764939162,26.725909286293923,23.938425330520595,26.510566954822703,22.75206545165224,25.29985331882961,23.7573729481656,26.47128378214419,28.888373064541835,33.2676681569989,25.90964476036237,28.93525335779685,24.18050524349987,26.39502106063185,22.72809435999746,25.447738304027308,23.52494631390576,25.7245799397805,26.161629603697204,28.11515019168624,26.959908661499647,28.44475481837966,24.867750775901253,25.79831670825192,26.44248042918571,26.53519675998607,23.887919265153645,24.61998024806489,24.797844169833088,25.996087000114677,23.841191243901005,25.27419005537122,20.04917181051864,22.183464449334966
vacuum,25.0,0.0088799770839301,190.0,2.2810333672477277,household,19.50731053677169,21.935059818148947,20.748454477687453,21.411090607691907,20.831408812152848,22.38670094404608,21.284377205554136,19.979494377399902,22.96180262152969,22.573344415132528,24.09662338739928,24.61636535625085,23.67103812263129,23.62395407909777,24.617722569932106,26.086324156608665,24.447992431371897,26.41458987490628,24.344050539831507,26.536363204469577,23.47756926376147,26.370014613156894,23.561854012889107,26.801854541630053,23.478094803600563,26.80970215194984,25.72069344433169,24.55621648889246,24.6736743402469,25.005443499218035,24.384707390586048,24.953109928775305,24.84998304300447,25.76517155937661,23.86373091753561,25.64806685987969,23.084082206053303,25.79054590704356,21.59722009107211,24.945737342847465,20.715306343065645,23.850818441696774,19.989311425190625,23.145203173949067,20.02886221028934,23.25227894805433,19.50926257990199,22.61610620478329,19.531907837655325,22.38158740782705,19.317879540780183,21.96375660297834
watch,26.0,0.0110283586364938,5337.0,3.727378569451489,household,16.390472049447744,17.750641728546068,18.64880429672423,16.715721715504262,19.843666997970104,19.78859549050185,18.012028156104083,16.383545588313304,17.85156609470284,17.051145490322416,19.34395144075054,19.25284889231494,20.01242703146504,18.908719257364886,21.40702526117545,22.27039239275133,23.28460039694407,23.82754572892125,24.7594879810639,24.945845549834225,22.503978699306938,23.803021862044503,22.19244466547251,23.69001429359081,21.606185114293478,23.68029676910492,16.760488237116455,16.618881437378448,17.523366649268503,17.52654510424824,18.91078232024716,19.422155062738245,20.417554729354343,20.83352266296725,20.97736087529468,22.143814037953582,21.40788227860729,24.17338160838799,21.06256167037666,24.162808696041417,20.83289078616917,24.127796312482516,20.908245966004493,23.55336600207286,21.39203927328082,23.65827012293608,20.819957955635687,23.17907161352069,20.755894547074057,22.790168757068944,16.558470107095186,17.93985436230246
window,25.0,0.0280721856201661,1234.0,3.0916669575956846,furniture_rooms,17.985602026764404,19.470456926039542,24.295305817257653,23.941575487323394,24.78381656852196,23.90098939059155,27.90908639938958,24.3327233460108,28.165612453813253,28.06651648306394,26.98135152911208,28.2173854506379,26.122105389593347,27.397385872127515,25.93871999906821,28.359885669947072,25.37565258441355,28.043126688092908,25.257939732965287,27.890609137922024,25.164820412911023,27.90395391434752,22.798195744473222,25.09872228716377,22.150291819811883,24.270674576684765,24.340719506555164,25.780107226143063,28.481035730911493,29.09349250425425,27.51182856434569,28.862544421450227,27.188494196818706,28.868192595224347,26.34910570732871,28.738725301957626,27.15805254637763,29.716561594366592,27.489765434155544,29.965580587087526,26.81148500175813,28.541474556881035,25.15241933019368,26.21919155682299,22.5387198810708,23.552247616767943,22.306766343482742,23.42993576408801,22.388901557428493,23.30462088529309,18.11212274778127,19.545373497592426
